order_id,order_date,category,sales_amount
OD10403,2024-01-02,Electronics,1471.32
OD10763,2024-01-03,Home & Kitchen,2456.81
OD10506,2024-01-03,Beauty,3030.4
OD10905,2024-01-03,Beauty,1547.43
OD10356,2024-01-04,Books,2180.88
OD10380,2024-01-05,Fashion,1251.11
OD10136,2024-01-05,Electronics,1247.09
OD10022,2024-01-05,Fashion,792.66
OD10169,2024-01-07,Home & Kitchen,1356.84
OD10529,2024-01-07,Fashion,606.65
OD10322,2024-01-07,Beauty,815.87
OD10348,2024-01-07,Home & Kitchen,1844.18
OD10646,2024-01-08,Books,2888.65
OD10158,2024-01-08,Books,956.23
OD10361,2024-01-08,Books,1615.57
OD10346,2024-01-09,Electronics,781.83
OD10334,2024-01-09,Electronics,2972.8
OD10113,2024-01-09,Fashion,1691.71
OD10189,2024-01-10,Beauty,2335.29
OD10497,2024-01-10,Beauty,1017.05
OD10090,2024-01-10,Beauty,1085.62
OD10482,2024-01-10,Electronics,649.25
OD10205,2024-01-10,Beauty,1069.23
OD10936,2024-01-11,Books,636.99
OD10927,2024-01-11,Fashion,1601.37
OD10128,2024-01-12,Fashion,4039.59
OD10351,2024-01-12,Books,655.96
OD10784,2024-01-13,Home & Kitchen,866.88
OD10695,2024-01-13,Fashion,231.82
OD10659,2024-01-13,Beauty,3654.62
OD10071,2024-01-13,Books,374.1
OD10955,2024-01-13,Beauty,1823.54
OD10933,2024-01-13,Books,2436.55
OD10443,2024-01-14,Electronics,1613.62
OD10363,2024-01-14,Electronics,848.15
OD10350,2024-01-14,Home & Kitchen,1313.75
OD10328,2024-01-15,Fashion,922.11
OD10202,2024-01-15,Beauty,2502.2
OD10171,2024-01-15,Electronics,797.64
OD10559,2024-01-16,Electronics,1540.16
OD10744,2024-01-17,Fashion,856.3
OD10320,2024-01-17,Books,1498.17
OD10651,2024-01-17,Home & Kitchen,1665.54
OD10486,2024-01-18,Beauty,1140.41
OD10854,2024-01-19,Home & Kitchen,2851.57
OD10230,2024-01-19,Fashion,2923.4
OD10606,2024-01-19,Books,1634.25
OD10449,2024-01-20,Fashion,688.05
OD10357,2024-01-20,Books,421.46
OD10501,2024-01-20,Home & Kitchen,1935.79
OD10532,2024-01-21,Fashion,1731.65
OD10560,2024-01-21,Beauty,1677.68
OD10835,2024-01-21,Fashion,1447.25
OD10592,2024-01-21,Home & Kitchen,2877.86
OD10360,2024-01-21,Electronics,426.42
OD10004,2024-01-22,Beauty,362.63
OD10767,2024-01-22,Beauty,587.23
OD10540,2024-01-22,Electronics,999.72
OD10894,2024-01-22,Beauty,960.48
OD10311,2024-01-23,Fashion,1053.25
OD10676,2024-01-23,Fashion,1626.02
OD10447,2024-01-25,Beauty,1102.98
OD10448,2024-01-25,Books,1540.73
OD10173,2024-01-25,Electronics,1067.64
OD10381,2024-01-26,Electronics,1311.58
OD10409,2024-01-26,Electronics,4144.16
OD10253,2024-01-27,Electronics,2224.49
OD10699,2024-01-28,Books,1449.47
OD10299,2024-01-29,Electronics,737.05
OD10026,2024-01-29,Books,1447.28
OD10795,2024-01-29,Fashion,1311.18
OD10862,2024-01-29,Beauty,2170.38
OD10622,2024-01-30,Books,925.16
OD10952,2024-02-01,Home & Kitchen,2621.42
OD10058,2024-02-02,Books,4184.1
OD10094,2024-02-02,Electronics,1766.1
OD10429,2024-02-05,Beauty,882.92
OD10523,2024-02-05,Beauty,672.52
OD10840,2024-02-05,Fashion,1854.39
OD10664,2024-02-06,Beauty,1062.94
OD10578,2024-02-07,Books,697.37
OD10436,2024-02-07,Books,636.31
OD10191,2024-02-07,Home & Kitchen,1862.19
OD10477,2024-02-07,Books,2010.72
OD10575,2024-02-08,Electronics,1485.4
OD10119,2024-02-08,Home & Kitchen,3069.98
OD10405,2024-02-08,Beauty,1385.58
OD10884,2024-02-09,Beauty,868.63
OD10754,2024-02-10,Home & Kitchen,2307.95
OD10017,2024-02-10,Beauty,1867.35
OD10347,2024-02-10,Fashion,2656.12
OD10251,2024-02-11,Books,804.29
OD10176,2024-02-11,Electronics,2821.95
OD10441,2024-02-11,Fashion,1749.18
OD10640,2024-02-11,Fashion,1548.46
OD10553,2024-02-11,Books,1182.76
OD10096,2024-02-12,Books,734.46
OD10398,2024-02-12,Fashion,1485.26
OD10537,2024-02-12,Electronics,1384.33
OD10846,2024-02-14,Electronics,2940.37
OD10714,2024-02-14,Home & Kitchen,1542.6
OD10605,2024-02-14,Electronics,907.11
OD10308,2024-02-14,Electronics,1125.8
OD10133,2024-02-15,Home & Kitchen,915.59
OD10650,2024-02-15,Fashion,1396.08
OD10755,2024-02-15,Books,493.7
OD10811,2024-02-15,Fashion,763.19
OD10766,2024-02-16,Books,712.5
OD10648,2024-02-16,Books,3058.43
OD10294,2024-02-16,Electronics,4596.6
OD10793,2024-02-16,Books,927.01
OD10186,2024-02-16,Electronics,113.97
OD10126,2024-02-16,Electronics,838.48
OD10944,2024-02-17,Fashion,2688.98
OD10543,2024-02-18,Beauty,1315.61
OD10600,2024-02-18,Electronics,1096.46
OD10519,2024-02-18,Beauty,1180.41
OD10075,2024-02-20,Electronics,3724.28
OD10214,2024-02-20,Beauty,1961.17
OD10641,2024-02-20,Fashion,1200.7
OD10929,2024-02-21,Beauty,426.48
OD10109,2024-02-21,Home & Kitchen,892.78
OD10839,2024-02-21,Electronics,970.12
OD10401,2024-02-21,Home & Kitchen,1837.82
OD10111,2024-02-22,Electronics,778.29
OD10675,2024-02-22,Home & Kitchen,750.16
OD10155,2024-02-22,Fashion,383.67
OD10702,2024-02-22,Books,1801.77
OD10678,2024-02-22,Books,4089.26
OD10500,2024-02-23,Books,789.66
OD10677,2024-02-23,Books,1711.61
OD10127,2024-02-23,Home & Kitchen,689.32
OD10052,2024-02-23,Electronics,851.6
OD10660,2024-02-23,Fashion,1145.77
OD10431,2024-02-24,Books,578.72
OD10260,2024-02-24,Beauty,2972.71
OD10235,2024-02-24,Books,2600.93
OD10711,2024-02-24,Fashion,1915.38
OD10971,2024-02-25,Fashion,474.49
OD10305,2024-02-25,Fashion,2452.79
OD10627,2024-02-25,Electronics,567.24
OD10687,2024-02-25,Books,810.39
OD10722,2024-02-26,Electronics,1703.1
OD10269,2024-02-26,Electronics,1483.75
OD10081,2024-02-27,Fashion,974.44
OD10067,2024-02-27,Home & Kitchen,552.91
OD10563,2024-02-29,Books,1150.21
OD10906,2024-03-01,Beauty,2381.62
OD10596,2024-03-01,Books,2106.26
OD10160,2024-03-01,Fashion,1902.3
OD10165,2024-03-01,Electronics,2156.26
OD10020,2024-03-02,Beauty,2447.81
OD10106,2024-03-02,Books,950.15
OD10874,2024-03-02,Books,1115.16
OD10183,2024-03-02,Electronics,1580.73
OD10876,2024-03-02,Electronics,1174.18
OD10028,2024-03-02,Electronics,1249.22
OD10861,2024-03-02,Electronics,1705.41
OD10658,2024-03-03,Home & Kitchen,2284.41
OD10974,2024-03-03,Home & Kitchen,2583.43
OD10385,2024-03-03,Electronics,1005.37
OD10227,2024-03-03,Beauty,914.69
OD10225,2024-03-03,Home & Kitchen,663.31
OD10256,2024-03-04,Fashion,537.69
OD10462,2024-03-05,Beauty,1320.87
OD10700,2024-03-05,Books,1074.61
OD10684,2024-03-05,Home & Kitchen,2479.7
OD10285,2024-03-05,Electronics,2906.89
OD10095,2024-03-05,Electronics,1752.2
OD10806,2024-03-05,Home & Kitchen,1476.52
OD10570,2024-03-06,Home & Kitchen,988.82
OD10544,2024-03-08,Books,466.83
OD10088,2024-03-09,Electronics,1989.47
OD10118,2024-03-10,Books,265.82
OD10993,2024-03-10,Electronics,2796.67
OD10730,2024-03-10,Electronics,1659.86
OD10505,2024-03-11,Books,582.93
OD10595,2024-03-12,Electronics,354.11
OD10968,2024-03-12,Home & Kitchen,1021.56
OD10552,2024-03-12,Electronics,2060.99
OD10948,2024-03-12,Electronics,737.11
OD10288,2024-03-13,Electronics,696.52
OD10804,2024-03-13,Electronics,2909.19
OD10814,2024-03-13,Home & Kitchen,1591.62
OD10776,2024-03-13,Beauty,1965.58
OD10621,2024-03-13,Beauty,1077.8
OD10317,2024-03-14,Electronics,1257.03
OD10800,2024-03-14,Fashion,1231.5
OD10703,2024-03-14,Beauty,435.44
OD10653,2024-03-15,Electronics,332.67
OD10340,2024-03-16,Electronics,919.34
OD10565,2024-03-16,Books,758.45
OD10594,2024-03-16,Beauty,1170.89
OD10252,2024-03-16,Beauty,1330.6
OD10313,2024-03-17,Beauty,791.28
OD10417,2024-03-18,Beauty,4075.11
OD10196,2024-03-18,Fashion,1089.42
OD10726,2024-03-18,Fashion,1489.86
OD10781,2024-03-18,Fashion,2418.24
OD10716,2024-03-19,Books,782.71
OD10341,2024-03-20,Books,1809.46
OD10785,2024-03-20,Home & Kitchen,1492.06
OD10304,2024-03-21,Fashion,741.54
OD10773,2024-03-21,Electronics,571.26
OD10312,2024-03-22,Books,761.97
OD10134,2024-03-22,Home & Kitchen,2035.53
OD10942,2024-03-22,Beauty,2149.3
OD10871,2024-03-22,Fashion,1586.84
OD10611,2024-03-22,Beauty,730.02
OD10453,2024-03-23,Electronics,1076.61
OD10979,2024-03-23,Fashion,2373.57
OD10686,2024-03-23,Electronics,1460.81
OD10669,2024-03-23,Home & Kitchen,1678.37
OD10326,2024-03-24,Home & Kitchen,1999.36
OD10802,2024-03-24,Home & Kitchen,1123.6
OD10615,2024-03-24,Home & Kitchen,2053.96
OD10612,2024-03-24,Electronics,1796.52
OD10847,2024-03-25,Fashion,2918.37
OD10934,2024-03-26,Books,1023.75
OD10865,2024-03-26,Electronics,252.47
OD10499,2024-03-26,Fashion,616.75
OD10536,2024-03-26,Electronics,664.01
OD10472,2024-03-27,Beauty,2091.34
OD10924,2024-03-28,Electronics,1550.91
OD10386,2024-03-29,Beauty,1631.21
OD10197,2024-03-29,Beauty,3272.54
OD10732,2024-03-29,Fashion,1623.05
OD10549,2024-03-29,Home & Kitchen,1328.93
OD10297,2024-03-29,Electronics,1919.76
OD10404,2024-03-30,Electronics,642.29
OD10344,2024-03-30,Fashion,618.17
OD10577,2024-03-31,Fashion,1636.43
OD10823,2024-03-31,Home & Kitchen,1037.08
OD10829,2024-04-01,Fashion,933.08
OD10010,2024-04-01,Books,1322.34
OD10307,2024-04-01,Electronics,1127.55
OD10643,2024-04-01,Beauty,3844.97
OD10880,2024-04-01,Electronics,715.47
OD10932,2024-04-02,Books,999.49
OD10354,2024-04-02,Electronics,1849.17
OD10616,2024-04-02,Home & Kitchen,600.54
OD10916,2024-04-02,Fashion,3047.44
OD10392,2024-04-02,Electronics,2403.9
OD10368,2024-04-02,Fashion,2322.57
OD10743,2024-04-03,Home & Kitchen,1265.47
OD10885,2024-04-03,Books,2260.51
OD10104,2024-04-05,Beauty,2060.0
OD10034,2024-04-05,Electronics,862.11
OD10548,2024-04-06,Fashion,685.99
OD10790,2024-04-06,Beauty,1009.0
OD10041,2024-04-07,Home & Kitchen,889.05
OD10808,2024-04-07,Electronics,1572.34
OD10139,2024-04-08,Electronics,1574.1
OD10324,2024-04-08,Beauty,562.41
OD10103,2024-04-08,Books,313.75
OD10625,2024-04-09,Books,2536.51
OD10002,2024-04-09,Home & Kitchen,985.57
OD10738,2024-04-10,Books,1332.75
OD10190,2024-04-10,Electronics,915.59
OD10647,2024-04-10,Books,3206.36
OD10036,2024-04-10,Electronics,1281.46
OD10339,2024-04-11,Electronics,1313.69
OD10393,2024-04-11,Fashion,4136.65
OD10267,2024-04-11,Fashion,1097.49
OD10860,2024-04-12,Beauty,2459.02
OD10608,2024-04-12,Books,976.53
OD10456,2024-04-12,Electronics,820.07
OD10276,2024-04-12,Electronics,1060.86
OD10762,2024-04-12,Beauty,1361.41
OD10000,2024-04-12,Books,615.95
OD10198,2024-04-13,Home & Kitchen,2126.64
OD10053,2024-04-13,Books,1532.1
OD10708,2024-04-13,Books,825.57
OD10265,2024-04-13,Fashion,782.74
OD10496,2024-04-13,Home & Kitchen,2685.68
OD10666,2024-04-13,Electronics,1735.21
OD10645,2024-04-13,Electronics,1184.29
OD10613,2024-04-14,Fashion,1200.58
OD10941,2024-04-15,Beauty,1118.34
OD10345,2024-04-15,Books,1571.17
OD10939,2024-04-15,Beauty,1302.82
OD10399,2024-04-16,Beauty,3440.99
OD10824,2024-04-16,Electronics,2929.48
OD10266,2024-04-17,Books,1272.42
OD10598,2024-04-18,Electronics,924.7
OD10842,2024-04-18,Home & Kitchen,1112.66
OD10751,2024-04-18,Books,2187.71
OD10890,2024-04-19,Beauty,727.9
OD10216,2024-04-19,Books,1233.24
OD10394,2024-04-19,Fashion,1335.61
OD10771,2024-04-20,Electronics,1478.77
OD10705,2024-04-20,Electronics,1135.85
OD10212,2024-04-20,Books,4866.05
OD10959,2024-04-20,Home & Kitchen,1859.77
OD10054,2024-04-21,Electronics,1481.24
OD10467,2024-04-22,Electronics,204.56
OD10483,2024-04-23,Books,286.02
OD10956,2024-04-23,Electronics,2772.6
OD10555,2024-04-23,Home & Kitchen,1013.68
OD10788,2024-04-23,Home & Kitchen,984.95
OD10850,2024-04-24,Books,1638.78
OD10099,2024-04-24,Electronics,3070.09
OD10209,2024-04-24,Home & Kitchen,3267.9
OD10433,2024-04-24,Beauty,965.8
OD10458,2024-04-25,Beauty,1668.63
OD10870,2024-04-25,Electronics,810.64
OD10747,2024-04-25,Fashion,1771.97
OD10082,2024-04-26,Electronics,1054.55
OD10123,2024-04-26,Fashion,756.04
OD10396,2024-04-26,Beauty,594.31
OD10574,2024-04-26,Beauty,1798.49
OD10984,2024-04-27,Fashion,1560.98
OD10843,2024-04-27,Beauty,2236.48
OD10517,2024-04-27,Beauty,749.79
OD10917,2024-04-27,Books,2159.21
OD10185,2024-04-27,Books,1575.05
OD10084,2024-04-27,Electronics,546.06
OD10479,2024-04-28,Fashion,1239.75
OD10976,2024-04-28,Beauty,1622.58
OD10415,2024-04-28,Beauty,818.8
OD10587,2024-04-29,Beauty,2210.46
OD10949,2024-04-29,Books,2283.09
OD10673,2024-04-29,Home & Kitchen,1382.55
OD10468,2024-04-29,Electronics,1178.26
OD10582,2024-04-30,Books,794.52
OD10031,2024-04-30,Books,1083.29
OD10410,2024-04-30,Beauty,1482.71
OD10635,2024-05-01,Beauty,583.93
OD10485,2024-05-01,Electronics,1203.43
OD10636,2024-05-03,Beauty,564.37
OD10457,2024-05-03,Fashion,838.56
OD10541,2024-05-04,Books,3739.95
OD10038,2024-05-05,Fashion,156.81
OD10629,2024-05-05,Home & Kitchen,1205.89
OD10849,2024-05-05,Home & Kitchen,1857.64
OD10661,2024-05-05,Beauty,2504.23
OD10167,2024-05-06,Fashion,1496.4
OD10619,2024-05-06,Electronics,1179.72
OD10852,2024-05-06,Home & Kitchen,958.94
OD10222,2024-05-07,Home & Kitchen,107.19
OD10794,2024-05-07,Beauty,1630.71
OD10494,2024-05-07,Beauty,1223.45
OD10045,2024-05-07,Fashion,2443.99
OD10264,2024-05-08,Electronics,1066.88
OD10989,2024-05-08,Electronics,1879.44
OD10495,2024-05-08,Books,562.71
OD10832,2024-05-08,Home & Kitchen,1308.53
OD10424,2024-05-09,Books,887.34
OD10950,2024-05-10,Beauty,2151.5
OD10918,2024-05-10,Books,150.85
OD10388,2024-05-11,Home & Kitchen,1883.01
OD10752,2024-05-12,Beauty,1212.88
OD10834,2024-05-12,Electronics,970.37
OD10710,2024-05-13,Beauty,844.6
OD10323,2024-05-13,Home & Kitchen,1243.19
OD10182,2024-05-13,Electronics,1265.2
OD10057,2024-05-14,Home & Kitchen,606.94
OD10713,2024-05-14,Books,1479.93
OD10432,2024-05-15,Books,191.02
OD10478,2024-05-15,Electronics,1168.11
OD10696,2024-05-16,Electronics,2752.17
OD10193,2024-05-16,Fashion,1772.84
OD10982,2024-05-16,Books,736.03
OD10810,2024-05-17,Books,2014.63
OD10820,2024-05-17,Fashion,3162.24
OD10996,2024-05-17,Electronics,2114.7
OD10516,2024-05-17,Fashion,1796.33
OD10973,2024-05-18,Electronics,1449.08
OD10967,2024-05-19,Electronics,1983.33
OD10734,2024-05-20,Fashion,1349.03
OD10073,2024-05-21,Books,2492.04
OD10383,2024-05-21,Beauty,2556.35
OD10286,2024-05-21,Fashion,670.02
OD10531,2024-05-21,Electronics,1048.65
OD10391,2024-05-22,Beauty,460.4
OD10440,2024-05-22,Books,1043.15
OD10901,2024-05-22,Beauty,1478.92
OD10074,2024-05-22,Books,421.94
OD10042,2024-05-23,Electronics,1356.41
OD10048,2024-05-23,Fashion,1344.0
OD10110,2024-05-23,Beauty,1505.08
OD10142,2024-05-24,Beauty,637.79
OD10132,2024-05-24,Electronics,2269.64
OD10331,2024-05-24,Beauty,1998.68
OD10868,2024-05-25,Home & Kitchen,1177.75
OD10512,2024-05-25,Books,2069.42
OD10241,2024-05-26,Beauty,1621.63
OD10091,2024-05-26,Fashion,1809.18
OD10921,2024-05-27,Beauty,1547.16
OD10210,2024-05-27,Home & Kitchen,1801.59
OD10628,2024-05-27,Home & Kitchen,1374.23
OD10514,2024-05-27,Home & Kitchen,2154.84
OD10750,2024-05-28,Home & Kitchen,1869.69
OD10964,2024-05-28,Electronics,4427.93
OD10990,2024-05-28,Electronics,1526.96
OD10461,2024-05-28,Fashion,648.41
OD10218,2024-05-28,Electronics,2441.14
OD10258,2024-05-28,Home & Kitchen,806.78
OD10179,2024-05-29,Beauty,993.18
OD10786,2024-05-30,Fashion,1530.02
OD10277,2024-05-31,Home & Kitchen,749.55
OD10509,2024-05-31,Beauty,2717.61
OD10853,2024-05-31,Home & Kitchen,250.78
OD10412,2024-05-31,Home & Kitchen,1721.52
OD10473,2024-05-31,Electronics,2608.01
OD10562,2024-06-02,Beauty,1768.62
OD10249,2024-06-02,Fashion,1591.11
OD10168,2024-06-02,Home & Kitchen,3108.7
OD10314,2024-06-03,Electronics,891.58
OD10912,2024-06-03,Fashion,952.62
OD10402,2024-06-04,Home & Kitchen,764.58
OD10442,2024-06-06,Fashion,1563.79
OD10588,2024-06-06,Books,1391.35
OD10059,2024-06-06,Beauty,1456.97
OD10877,2024-06-07,Books,1420.01
OD10206,2024-06-07,Books,2131.36
OD10508,2024-06-07,Books,1327.59
OD10450,2024-06-08,Beauty,1373.79
OD10124,2024-06-08,Beauty,1524.8
OD10050,2024-06-08,Home & Kitchen,900.11
OD10481,2024-06-08,Books,1279.23
OD10280,2024-06-09,Beauty,1770.0
OD10056,2024-06-09,Books,809.24
OD10513,2024-06-09,Electronics,2191.16
OD10066,2024-06-09,Home & Kitchen,1515.89
OD10145,2024-06-10,Home & Kitchen,1100.3
OD10685,2024-06-10,Books,2164.32
OD10670,2024-06-10,Fashion,2091.2
OD10234,2024-06-10,Books,1188.72
OD10769,2024-06-10,Electronics,2071.81
OD10444,2024-06-11,Fashion,1009.36
OD10657,2024-06-11,Electronics,492.21
OD10365,2024-06-11,Beauty,1347.17
OD10663,2024-06-11,Home & Kitchen,1234.84
OD10895,2024-06-11,Beauty,2304.35
OD10366,2024-06-12,Beauty,1258.23
OD10259,2024-06-12,Electronics,2042.11
OD10480,2024-06-12,Books,666.7
OD10102,2024-06-12,Fashion,3226.72
OD10413,2024-06-12,Fashion,2202.61
OD10239,2024-06-13,Beauty,373.59
OD10141,2024-06-13,Fashion,1372.06
OD10845,2024-06-13,Beauty,800.0
OD10232,2024-06-14,Home & Kitchen,2437.86
OD10903,2024-06-14,Fashion,655.88
OD10626,2024-06-15,Fashion,1137.06
OD10419,2024-06-15,Electronics,3169.39
OD10775,2024-06-15,Beauty,1017.17
OD10783,2024-06-16,Home & Kitchen,344.63
OD10546,2024-06-16,Fashion,1656.22
OD10764,2024-06-17,Beauty,721.28
OD10005,2024-06-18,Books,924.91
OD10161,2024-06-18,Beauty,946.55
OD10077,2024-06-18,Home & Kitchen,1451.72
OD10278,2024-06-19,Fashion,5058.81
OD10970,2024-06-19,Electronics,1574.01
OD10907,2024-06-19,Fashion,770.51
OD10427,2024-06-20,Fashion,1184.83
OD10033,2024-06-20,Home & Kitchen,1018.52
OD10623,2024-06-20,Electronics,516.13
OD10408,2024-06-21,Fashion,1545.8
OD10668,2024-06-21,Fashion,1097.36
OD10184,2024-06-21,Books,3383.45
OD10581,2024-06-21,Electronics,2194.05
OD10255,2024-06-21,Electronics,324.32
OD10208,2024-06-21,Fashion,5538.64
OD10987,2024-06-23,Fashion,1242.36
OD10231,2024-06-23,Fashion,128.83
OD10855,2024-06-23,Fashion,1333.7
OD10689,2024-06-23,Beauty,2287.11
OD10275,2024-06-24,Fashion,2776.37
OD10557,2024-06-24,Home & Kitchen,1087.22
OD10538,2024-06-25,Electronics,512.13
OD10226,2024-06-25,Books,1801.25
OD10107,2024-06-25,Books,2268.15
OD10295,2024-06-26,Fashion,1754.71
OD10813,2024-06-26,Home & Kitchen,1640.33
OD10024,2024-06-27,Electronics,1409.67
OD10376,2024-06-27,Books,1450.37
OD10655,2024-06-27,Beauty,1289.01
OD10177,2024-06-28,Fashion,479.48
OD10966,2024-06-28,Electronics,793.99
OD10333,2024-06-29,Books,3167.93
OD10997,2024-06-29,Beauty,830.29
OD10759,2024-06-29,Books,962.59
OD10112,2024-06-29,Fashion,3430.07
OD10526,2024-06-30,Fashion,978.43
OD10522,2024-06-30,Books,1121.73
OD10460,2024-07-01,Fashion,1152.24
OD10157,2024-07-01,Home & Kitchen,1272.79
OD10604,2024-07-01,Electronics,1281.7
OD10909,2024-07-01,Books,1451.95
OD10352,2024-07-01,Home & Kitchen,946.17
OD10207,2024-07-02,Beauty,662.58
OD10040,2024-07-02,Home & Kitchen,2020.27
OD10975,2024-07-02,Books,3262.95
OD10662,2024-07-02,Electronics,944.71
OD10087,2024-07-03,Beauty,537.54
OD10830,2024-07-03,Beauty,2165.54
OD10130,2024-07-04,Books,804.59
OD10736,2024-07-05,Books,531.61
OD10463,2024-07-06,Home & Kitchen,1864.46
OD10665,2024-07-06,Electronics,1869.78
OD10757,2024-07-07,Books,2371.97
OD10969,2024-07-08,Home & Kitchen,607.11
OD10076,2024-07-08,Beauty,1459.45
OD10573,2024-07-09,Beauty,3625.7
OD10772,2024-07-09,Electronics,641.95
OD10131,2024-07-10,Home & Kitchen,1459.94
OD10654,2024-07-10,Electronics,3621.66
OD10085,2024-07-10,Beauty,2231.95
OD10778,2024-07-10,Electronics,2498.95
OD10062,2024-07-10,Electronics,343.01
OD10149,2024-07-10,Books,2186.17
OD10972,2024-07-10,Home & Kitchen,3018.76
OD10601,2024-07-10,Fashion,808.66
OD10287,2024-07-11,Beauty,799.55
OD10321,2024-07-11,Fashion,3756.85
OD10748,2024-07-11,Electronics,1945.48
OD10869,2024-07-12,Books,1856.9
OD10115,2024-07-12,Beauty,504.01
OD10159,2024-07-13,Home & Kitchen,642.0
OD10756,2024-07-13,Home & Kitchen,2814.21
OD10986,2024-07-13,Fashion,2456.64
OD10715,2024-07-13,Beauty,813.95
OD10561,2024-07-14,Electronics,796.9
OD10837,2024-07-14,Books,1416.33
OD10319,2024-07-14,Books,1001.03
OD10423,2024-07-14,Beauty,832.8
OD10535,2024-07-14,Fashion,1092.13
OD10792,2024-07-15,Home & Kitchen,368.69
OD10550,2024-07-15,Home & Kitchen,947.48
OD10774,2024-07-16,Electronics,1190.94
OD10271,2024-07-16,Electronics,1563.48
OD10201,2024-07-16,Home & Kitchen,453.78
OD10290,2024-07-16,Home & Kitchen,1255.61
OD10332,2024-07-17,Home & Kitchen,2014.57
OD10719,2024-07-17,Fashion,603.7
OD10951,2024-07-18,Electronics,1179.37
OD10263,2024-07-19,Fashion,243.54
OD10590,2024-07-19,Beauty,611.79
OD10571,2024-07-19,Books,1504.42
OD10219,2024-07-20,Books,1760.3
OD10965,2024-07-20,Books,1522.48
OD10585,2024-07-21,Beauty,1100.79
OD10530,2024-07-21,Books,2522.18
OD10336,2024-07-23,Electronics,868.3
OD10143,2024-07-23,Books,1220.43
OD10866,2024-07-24,Beauty,1186.5
OD10011,2024-07-24,Electronics,642.76
OD10023,2024-07-25,Fashion,756.17
OD10051,2024-07-26,Home & Kitchen,754.65
OD10055,2024-07-26,Beauty,566.13
OD10712,2024-07-26,Home & Kitchen,561.7
OD10981,2024-07-26,Fashion,1529.81
OD10330,2024-07-26,Home & Kitchen,2893.7
OD10922,2024-07-27,Books,606.85
OD10247,2024-07-27,Electronics,3980.78
OD10908,2024-07-29,Home & Kitchen,3016.67
OD10985,2024-07-29,Home & Kitchen,2017.43
OD10353,2024-07-29,Beauty,608.2
OD10229,2024-07-29,Beauty,471.88
OD10475,2024-07-29,Home & Kitchen,1318.49
OD10816,2024-07-30,Beauty,2688.79
OD10484,2024-07-31,Books,1512.67
OD10545,2024-08-01,Books,1412.41
OD10915,2024-08-01,Fashion,3236.61
OD10335,2024-08-01,Beauty,2144.23
OD10683,2024-08-01,Electronics,748.06
OD10164,2024-08-01,Home & Kitchen,1122.18
OD10098,2024-08-02,Electronics,594.9
OD10881,2024-08-02,Home & Kitchen,2928.41
OD10228,2024-08-02,Home & Kitchen,719.49
OD10014,2024-08-02,Books,2190.65
OD10246,2024-08-02,Electronics,684.66
OD10609,2024-08-02,Electronics,1456.82
OD10296,2024-08-03,Home & Kitchen,931.36
OD10306,2024-08-03,Home & Kitchen,1444.53
OD10782,2024-08-03,Home & Kitchen,1652.34
OD10698,2024-08-03,Books,2050.6
OD10101,2024-08-04,Beauty,1188.75
OD10896,2024-08-04,Home & Kitchen,1645.54
OD10138,2024-08-04,Home & Kitchen,1571.29
OD10117,2024-08-04,Beauty,980.3
OD10016,2024-08-04,Books,827.72
OD10717,2024-08-05,Books,1821.7
OD10163,2024-08-05,Beauty,885.21
OD10886,2024-08-05,Fashion,2166.51
OD10958,2024-08-06,Beauty,1452.75
OD10798,2024-08-06,Electronics,2369.82
OD10525,2024-08-07,Fashion,729.33
OD10556,2024-08-07,Electronics,1257.97
OD10872,2024-08-08,Home & Kitchen,1339.87
OD10889,2024-08-09,Beauty,585.38
OD10318,2024-08-09,Beauty,1574.38
OD10727,2024-08-10,Home & Kitchen,1176.05
OD10377,2024-08-10,Home & Kitchen,1738.01
OD10502,2024-08-10,Home & Kitchen,3298.87
OD10638,2024-08-11,Books,1621.19
OD10037,2024-08-11,Electronics,1635.24
OD10725,2024-08-13,Beauty,1942.47
OD10301,2024-08-13,Books,1185.97
OD10300,2024-08-13,Books,1277.77
OD10125,2024-08-14,Home & Kitchen,1343.64
OD10282,2024-08-14,Home & Kitchen,2602.16
OD10503,2024-08-14,Fashion,1032.93
OD10527,2024-08-15,Home & Kitchen,2005.5
OD10706,2024-08-15,Fashion,1729.33
OD10175,2024-08-15,Fashion,3862.19
OD10358,2024-08-15,Fashion,3726.53
OD10511,2024-08-15,Electronics,2940.16
OD10960,2024-08-16,Electronics,2035.73
OD10459,2024-08-16,Beauty,229.51
OD10178,2024-08-16,Electronics,1880.95
OD10707,2024-08-17,Electronics,2391.88
OD10425,2024-08-17,Fashion,1991.9
OD10019,2024-08-18,Fashion,442.12
OD10203,2024-08-18,Home & Kitchen,973.66
OD10498,2024-08-18,Home & Kitchen,955.73
OD10025,2024-08-18,Beauty,279.85
OD10435,2024-08-18,Electronics,595.06
OD10469,2024-08-19,Beauty,1046.68
OD10422,2024-08-19,Beauty,621.38
OD10174,2024-08-20,Beauty,245.83
OD10343,2024-08-20,Beauty,491.91
OD10718,2024-08-20,Electronics,1375.93
OD10466,2024-08-20,Beauty,739.0
OD10674,2024-08-20,Beauty,1073.21
OD10063,2024-08-20,Beauty,1144.5
OD10108,2024-08-20,Home & Kitchen,1124.05
OD10602,2024-08-20,Electronics,913.13
OD10851,2024-08-21,Books,726.15
OD10243,2024-08-21,Fashion,1082.11
OD10728,2024-08-22,Books,559.11
OD10156,2024-08-22,Home & Kitchen,1235.47
OD10701,2024-08-22,Home & Kitchen,2330.31
OD10284,2024-08-23,Electronics,1001.66
OD10192,2024-08-23,Fashion,1174.32
OD10254,2024-08-24,Electronics,716.25
OD10749,2024-08-24,Electronics,1421.68
OD10998,2024-08-24,Beauty,1614.34
OD10980,2024-08-25,Home & Kitchen,1349.03
OD10857,2024-08-26,Beauty,1299.17
OD10888,2024-08-26,Home & Kitchen,1828.03
OD10656,2024-08-26,Books,1580.34
OD10923,2024-08-26,Home & Kitchen,1909.14
OD10083,2024-08-26,Fashion,1465.85
OD10607,2024-08-27,Electronics,2064.82
OD10729,2024-08-27,Home & Kitchen,1733.46
OD10414,2024-08-29,Beauty,1808.93
OD10120,2024-08-29,Books,3098.72
OD10833,2024-08-29,Electronics,840.02
OD10181,2024-08-30,Beauty,1678.03
OD10220,2024-08-31,Electronics,2726.06
OD10882,2024-09-01,Fashion,1061.91
OD10283,2024-09-01,Books,849.54
OD10375,2024-09-01,Home & Kitchen,980.1
OD10817,2024-09-01,Books,840.4
OD10856,2024-09-02,Electronics,529.89
OD10070,2024-09-02,Beauty,859.55
OD10910,2024-09-02,Electronics,1992.41
OD10961,2024-09-02,Fashion,2326.44
OD10848,2024-09-02,Electronics,1469.2
OD10558,2024-09-02,Home & Kitchen,1495.9
OD10248,2024-09-02,Home & Kitchen,1961.0
OD10649,2024-09-02,Home & Kitchen,852.51
OD10470,2024-09-03,Fashion,699.03
OD10572,2024-09-03,Home & Kitchen,1439.21
OD10086,2024-09-03,Home & Kitchen,821.26
OD10039,2024-09-03,Books,2944.03
OD10724,2024-09-04,Electronics,2069.33
OD10547,2024-09-04,Home & Kitchen,3095.7
OD10434,2024-09-04,Books,2069.43
OD10680,2024-09-04,Fashion,1085.74
OD10815,2024-09-04,Books,3067.43
OD10761,2024-09-05,Books,854.22
OD10237,2024-09-05,Beauty,1785.14
OD10992,2024-09-06,Books,2072.34
OD10528,2024-09-06,Home & Kitchen,1418.06
OD10261,2024-09-06,Books,559.19
OD10223,2024-09-07,Home & Kitchen,1756.74
OD10828,2024-09-08,Home & Kitchen,3287.55
OD10465,2024-09-08,Fashion,1300.87
OD10455,2024-09-08,Electronics,1101.3
OD10166,2024-09-09,Books,888.24
OD10065,2024-09-09,Beauty,1375.1
OD10097,2024-09-09,Home & Kitchen,839.94
OD10114,2024-09-09,Beauty,961.76
OD10089,2024-09-10,Beauty,1885.57
OD10507,2024-09-10,Fashion,3733.59
OD10418,2024-09-10,Electronics,778.9
OD10739,2024-09-11,Home & Kitchen,1383.19
OD10897,2024-09-11,Beauty,3559.0
OD10236,2024-09-11,Beauty,229.38
OD10904,2024-09-12,Home & Kitchen,2464.63
OD10831,2024-09-12,Beauty,983.11
OD10445,2024-09-12,Fashion,936.8
OD10899,2024-09-12,Home & Kitchen,2051.62
OD10694,2024-09-12,Home & Kitchen,2462.62
OD10488,2024-09-12,Home & Kitchen,1588.56
OD10746,2024-09-13,Fashion,3127.48
OD10489,2024-09-14,Beauty,365.18
OD10188,2024-09-15,Electronics,1342.17
OD10043,2024-09-15,Books,575.3
OD10293,2024-09-15,Beauty,901.66
OD10032,2024-09-15,Home & Kitchen,479.41
OD10667,2024-09-16,Home & Kitchen,785.34
OD10520,2024-09-17,Books,1310.99
OD10476,2024-09-17,Beauty,2554.68
OD10359,2024-09-18,Fashion,538.74
OD10407,2024-09-19,Electronics,1726.28
OD10078,2024-09-20,Beauty,2585.91
OD10060,2024-09-20,Home & Kitchen,294.88
OD10270,2024-09-20,Beauty,513.22
OD10233,2024-09-20,Beauty,1424.95
OD10679,2024-09-20,Fashion,610.51
OD10379,2024-09-20,Beauty,1790.05
OD10925,2024-09-20,Beauty,2121.56
OD10898,2024-09-20,Home & Kitchen,825.77
OD10940,2024-09-21,Beauty,1916.62
OD10937,2024-09-22,Home & Kitchen,1653.47
OD10273,2024-09-22,Electronics,1567.6
OD10807,2024-09-22,Beauty,1165.44
OD10799,2024-09-22,Fashion,354.96
OD10452,2024-09-22,Electronics,1458.44
OD10046,2024-09-23,Books,759.71
OD10137,2024-09-23,Beauty,3009.26
OD10554,2024-09-24,Fashion,2136.58
OD10146,2024-09-24,Electronics,3822.95
OD10617,2024-09-24,Home & Kitchen,1423.95
OD10035,2024-09-24,Fashion,1217.28
OD10963,2024-09-25,Home & Kitchen,2818.5
OD10883,2024-09-25,Home & Kitchen,754.08
OD10859,2024-09-25,Beauty,2043.25
OD10947,2024-09-26,Books,1394.91
OD10274,2024-09-26,Beauty,538.95
OD10195,2024-09-26,Books,1089.84
OD10779,2024-09-27,Books,1985.68
OD10325,2024-09-27,Beauty,661.24
OD10006,2024-09-27,Home & Kitchen,1453.07
OD10867,2024-09-27,Home & Kitchen,1303.5
OD10069,2024-09-29,Electronics,600.9
OD10957,2024-09-29,Fashion,1978.61
OD10644,2024-09-29,Home & Kitchen,714.72
OD10770,2024-09-29,Books,487.73
OD10172,2024-09-29,Fashion,1861.28
OD10170,2024-09-30,Fashion,2290.89
OD10337,2024-09-30,Fashion,4542.0
OD10008,2024-09-30,Books,1412.52
OD10821,2024-10-01,Books,1396.32
OD10589,2024-10-02,Beauty,2524.78
OD10926,2024-10-02,Books,1633.52
OD10003,2024-10-03,Electronics,1827.2
OD10566,2024-10-03,Books,922.99
OD10838,2024-10-03,Beauty,385.43
OD10474,2024-10-03,Fashion,1535.24
OD10603,2024-10-03,Home & Kitchen,2158.91
OD10935,2024-10-04,Fashion,710.79
OD10891,2024-10-04,Fashion,2380.93
OD10491,2024-10-04,Home & Kitchen,448.49
OD10740,2024-10-04,Beauty,518.45
OD10568,2024-10-05,Electronics,1250.97
OD10753,2024-10-05,Fashion,1427.33
OD10892,2024-10-05,Books,1821.79
OD10420,2024-10-06,Books,1677.75
OD10068,2024-10-06,Fashion,1381.43
OD10691,2024-10-07,Electronics,1506.31
OD10400,2024-10-07,Books,1184.97
OD10446,2024-10-07,Beauty,4528.33
OD10580,2024-10-07,Fashion,1825.5
OD10863,2024-10-08,Books,1639.83
OD10723,2024-10-08,Electronics,1329.4
OD10490,2024-10-09,Fashion,1358.37
OD10709,2024-10-09,Beauty,1182.85
OD10370,2024-10-10,Electronics,393.71
OD10825,2024-10-10,Electronics,1597.1
OD10027,2024-10-10,Fashion,1894.02
OD10153,2024-10-11,Books,310.83
OD10637,2024-10-11,Beauty,633.98
OD10962,2024-10-12,Beauty,948.16
OD10584,2024-10-12,Electronics,1317.54
OD10451,2024-10-13,Home & Kitchen,1153.7
OD10768,2024-10-13,Fashion,1452.68
OD10430,2024-10-13,Electronics,1083.88
OD10367,2024-10-13,Home & Kitchen,1214.25
OD10954,2024-10-13,Beauty,1060.01
OD10911,2024-10-14,Home & Kitchen,1283.39
OD10144,2024-10-14,Fashion,765.16
OD10421,2024-10-14,Beauty,2577.88
OD10018,2024-10-15,Home & Kitchen,2197.46
OD10204,2024-10-15,Books,1690.98
OD10569,2024-10-15,Books,2604.66
OD10672,2024-10-16,Home & Kitchen,806.71
OD10983,2024-10-16,Home & Kitchen,546.32
OD10238,2024-10-17,Home & Kitchen,644.99
OD10836,2024-10-17,Books,1472.57
OD10428,2024-10-17,Fashion,290.5
OD10920,2024-10-18,Fashion,1019.43
OD10397,2024-10-19,Books,432.55
OD10289,2024-10-19,Beauty,1121.07
OD10416,2024-10-19,Home & Kitchen,2285.34
OD10244,2024-10-19,Electronics,1255.83
OD10919,2024-10-19,Electronics,1105.52
OD10930,2024-10-19,Electronics,1283.54
OD10374,2024-10-19,Books,1458.88
OD10620,2024-10-20,Books,2385.06
OD10542,2024-10-20,Books,1393.31
OD10991,2024-10-20,Beauty,1552.61
OD10378,2024-10-20,Books,820.11
OD10221,2024-10-20,Fashion,423.76
OD10630,2024-10-20,Beauty,2600.82
OD10945,2024-10-21,Books,1719.9
OD10858,2024-10-21,Fashion,3613.8
OD10801,2024-10-21,Home & Kitchen,934.93
OD10493,2024-10-21,Books,350.49
OD10015,2024-10-22,Beauty,453.81
OD10818,2024-10-22,Home & Kitchen,741.38
OD10215,2024-10-23,Home & Kitchen,677.55
OD10551,2024-10-23,Books,957.24
OD10047,2024-10-24,Home & Kitchen,1966.21
OD10692,2024-10-24,Electronics,1114.14
OD10977,2024-10-25,Books,1817.99
OD10426,2024-10-26,Beauty,503.81
OD10642,2024-10-26,Home & Kitchen,983.82
OD10809,2024-10-27,Books,1390.93
OD10338,2024-10-27,Electronics,968.06
OD10064,2024-10-28,Beauty,1627.29
OD10148,2024-10-29,Beauty,2956.12
OD10242,2024-10-29,Beauty,2177.31
OD10049,2024-10-30,Books,1666.18
OD10902,2024-10-30,Beauty,1278.65
OD10693,2024-10-30,Books,1274.59
OD10533,2024-10-31,Home & Kitchen,837.6
OD10355,2024-10-31,Beauty,2249.28
OD10639,2024-10-31,Beauty,3073.94
OD10371,2024-10-31,Electronics,2579.93
OD10268,2024-10-31,Beauty,864.46
OD10634,2024-11-01,Home & Kitchen,1300.48
OD10150,2024-11-01,Fashion,2124.91
OD10007,2024-11-02,Beauty,1305.24
OD10978,2024-11-03,Fashion,2317.5
OD10080,2024-11-03,Beauty,1247.71
OD10151,2024-11-03,Electronics,3809.3
OD10591,2024-11-03,Beauty,1245.57
OD10464,2024-11-03,Beauty,577.18
OD10803,2024-11-04,Fashion,722.55
OD10200,2024-11-04,Home & Kitchen,1162.32
OD10013,2024-11-05,Beauty,1519.94
OD10697,2024-11-05,Electronics,1935.64
OD10504,2024-11-05,Beauty,1021.56
OD10593,2024-11-06,Books,1123.7
OD10281,2024-11-06,Home & Kitchen,1401.65
OD10733,2024-11-06,Fashion,1712.17
OD10439,2024-11-06,Home & Kitchen,234.84
OD10140,2024-11-06,Books,1337.62
OD10618,2024-11-06,Beauty,2097.07
OD10864,2024-11-07,Electronics,1862.14
OD10406,2024-11-07,Electronics,409.76
OD10372,2024-11-07,Books,1480.43
OD10135,2024-11-07,Fashion,2938.95
OD10147,2024-11-08,Electronics,3341.43
OD10217,2024-11-08,Electronics,1379.35
OD10844,2024-11-08,Electronics,1767.55
OD10787,2024-11-08,Beauty,1172.75
OD10521,2024-11-08,Books,3366.97
OD10072,2024-11-08,Books,1855.89
OD10878,2024-11-09,Beauty,914.22
OD10100,2024-11-09,Beauty,1814.02
OD10765,2024-11-09,Fashion,750.57
OD10510,2024-11-09,Beauty,1406.83
OD10310,2024-11-09,Electronics,1765.46
OD10841,2024-11-09,Electronics,1924.94
OD10349,2024-11-09,Fashion,913.81
OD10303,2024-11-11,Beauty,3400.86
OD10938,2024-11-11,Electronics,1605.62
OD10688,2024-11-11,Home & Kitchen,1632.27
OD10061,2024-11-12,Home & Kitchen,754.24
OD10583,2024-11-12,Books,3873.49
OD10819,2024-11-13,Fashion,3106.54
OD10362,2024-11-13,Books,1109.21
OD10797,2024-11-13,Electronics,2200.25
OD10879,2024-11-13,Fashion,1957.19
OD10760,2024-11-13,Electronics,1267.87
OD10187,2024-11-15,Beauty,2059.75
OD10329,2024-11-15,Electronics,550.28
OD10721,2024-11-16,Electronics,1213.49
OD10631,2024-11-16,Books,1426.18
OD10796,2024-11-17,Fashion,1126.81
OD10758,2024-11-18,Fashion,2034.04
OD10742,2024-11-18,Books,459.85
OD10873,2024-11-18,Home & Kitchen,1460.47
OD10387,2024-11-19,Fashion,2881.97
OD10953,2024-11-20,Books,737.81
OD10092,2024-11-20,Beauty,1174.76
OD10515,2024-11-20,Electronics,2183.78
OD10632,2024-11-20,Home & Kitchen,614.55
OD10316,2024-11-21,Home & Kitchen,3994.37
OD10250,2024-11-21,Fashion,1909.23
OD10805,2024-11-21,Electronics,389.71
OD10162,2024-11-21,Electronics,1797.53
OD10194,2024-11-23,Home & Kitchen,3084.39
OD10382,2024-11-23,Electronics,2455.01
OD10395,2024-11-23,Fashion,3142.29
OD10302,2024-11-23,Home & Kitchen,1306.47
OD10789,2024-11-23,Books,561.52
OD10454,2024-11-24,Books,892.59
OD10292,2024-11-25,Home & Kitchen,953.84
OD10539,2024-11-25,Beauty,1836.29
OD10240,2024-11-25,Electronics,724.93
OD10812,2024-11-25,Fashion,1987.86
OD10154,2024-11-25,Electronics,1116.53
OD10614,2024-11-26,Beauty,1509.35
OD10180,2024-11-26,Electronics,884.74
OD10875,2024-11-26,Fashion,1866.64
OD10001,2024-11-26,Home & Kitchen,1611.03
OD10438,2024-11-26,Home & Kitchen,620.11
OD10943,2024-11-27,Books,2436.9
OD10576,2024-11-28,Fashion,2165.16
OD10791,2024-11-29,Beauty,941.96
OD10586,2024-11-29,Electronics,1714.52
OD10373,2024-11-29,Fashion,2435.33
OD10579,2024-11-29,Home & Kitchen,1100.48
OD10152,2024-11-30,Books,1521.22
OD10327,2024-12-02,Books,322.45
OD10262,2024-12-02,Home & Kitchen,1455.46
OD10567,2024-12-03,Fashion,1025.32
OD10610,2024-12-03,Fashion,1125.88
OD10780,2024-12-04,Home & Kitchen,2153.73
OD10389,2024-12-04,Beauty,1991.69
OD10914,2024-12-04,Electronics,2611.99
OD10116,2024-12-04,Beauty,2515.39
OD10599,2024-12-05,Electronics,4192.68
OD10029,2024-12-05,Home & Kitchen,695.52
OD10893,2024-12-05,Books,1025.37
OD10093,2024-12-05,Books,1383.68
OD10777,2024-12-05,Books,2030.56
OD10988,2024-12-05,Books,1124.69
OD10437,2024-12-06,Fashion,730.81
OD10826,2024-12-06,Fashion,2013.52
OD10534,2024-12-06,Books,776.19
OD10737,2024-12-07,Beauty,1093.71
OD10471,2024-12-08,Beauty,232.55
OD10224,2024-12-09,Electronics,433.72
OD10390,2024-12-09,Electronics,2459.6
OD10913,2024-12-10,Electronics,1462.58
OD10364,2024-12-10,Electronics,1571.19
OD10887,2024-12-11,Fashion,1267.75
OD10044,2024-12-11,Home & Kitchen,941.72
OD10009,2024-12-11,Beauty,1952.98
OD10411,2024-12-12,Beauty,1561.99
OD10030,2024-12-13,Electronics,838.33
OD10122,2024-12-13,Electronics,467.04
OD10129,2024-12-13,Books,776.26
OD10682,2024-12-14,Fashion,1166.34
OD10291,2024-12-14,Beauty,1378.18
OD10745,2024-12-14,Books,324.5
OD10741,2024-12-14,Home & Kitchen,6709.06
OD10079,2024-12-15,Home & Kitchen,1213.62
OD10652,2024-12-17,Fashion,1309.58
OD10735,2024-12-17,Books,2011.58
OD10342,2024-12-18,Fashion,3381.19
OD10199,2024-12-18,Electronics,1618.48
OD10492,2024-12-18,Home & Kitchen,1850.42
OD10731,2024-12-20,Books,1372.88
OD10245,2024-12-20,Books,1473.88
OD10105,2024-12-20,Electronics,616.29
OD10309,2024-12-21,Home & Kitchen,870.41
OD10213,2024-12-21,Books,2579.02
OD10704,2024-12-21,Fashion,605.3
OD10298,2024-12-22,Fashion,211.83
OD10822,2024-12-23,Electronics,2036.31
OD10671,2024-12-23,Books,1733.01
OD10720,2024-12-25,Books,703.99
OD10315,2024-12-25,Fashion,1932.86
OD10995,2024-12-25,Home & Kitchen,1493.21
OD10999,2024-12-25,Books,1159.37
OD10021,2024-12-25,Home & Kitchen,2411.06
OD10012,2024-12-25,Books,1511.24
OD10211,2024-12-25,Fashion,1486.23
OD10624,2024-12-25,Home & Kitchen,325.99
OD10931,2024-12-25,Home & Kitchen,1764.36
OD10487,2024-12-25,Books,3123.41
OD10369,2024-12-26,Electronics,546.5
OD10121,2024-12-26,Electronics,1756.69
OD10384,2024-12-26,Fashion,677.33
OD10681,2024-12-26,Books,741.52
OD10597,2024-12-27,Electronics,1508.75
OD10633,2024-12-28,Home & Kitchen,1414.69
OD10257,2024-12-28,Electronics,1491.72
OD10827,2024-12-28,Home & Kitchen,897.31
OD10994,2024-12-29,Books,718.5
OD10564,2024-12-29,Books,617.04
OD10690,2024-12-29,Home & Kitchen,2618.72
OD10524,2024-12-29,Fashion,684.46
OD10928,2024-12-29,Fashion,1194.14
OD10279,2024-12-29,Electronics,3792.79
OD10272,2024-12-30,Fashion,2027.41
OD10900,2024-12-30,Home & Kitchen,1898.54
OD10518,2024-12-30,Home & Kitchen,2367.08
OD10946,2024-12-30,Electronics,3302.08
