tempo,danceability,energy,speechiness,is_hit
111.2,0.825,0.94,0.193,1
174.6,0.882,0.949,0.3,1
150.5,0.507,0.922,0.222,1
135.9,0.372,0.552,0.259,0
87.2,0.448,0.311,0.425,0
87.2,0.578,0.931,0.192,1
76.4,0.832,0.591,0.434,1
165.3,0.859,0.957,0.41,1
136.1,0.305,0.955,0.112,0
147.9,0.632,0.88,0.059,1
72.3,0.571,0.5,0.072,0
176.7,0.444,0.562,0.038,0
161.6,0.378,0.879,0.07,1
93.4,0.519,0.516,0.317,0
90.0,0.913,0.415,0.06,1
90.2,0.51,0.679,0.164,1
103.5,0.637,0.937,0.385,1
127.7,0.757,0.773,0.04,1
117.5,0.536,0.688,0.372,0
102.0,0.932,0.366,0.148,1
137.3,0.926,0.718,0.08,1
85.3,0.464,0.973,0.323,1
102.1,0.623,0.395,0.294,0
110.3,0.496,0.652,0.399,0
120.2,0.485,0.897,0.339,0
156.4,0.324,0.804,0.367,1
92.0,0.696,0.774,0.148,1
126.6,0.627,0.778,0.105,1
135.2,0.333,0.544,0.345,0
75.1,0.481,0.5,0.369,0
136.8,0.89,0.85,0.446,1
88.8,0.456,0.851,0.203,0
77.2,0.394,0.89,0.186,0
174.4,0.618,0.921,0.356,1
176.2,0.941,0.648,0.173,1
158.9,0.457,0.641,0.421,0
103.5,0.737,0.843,0.391,1
80.7,0.795,0.742,0.21,1
145.3,0.454,0.777,0.345,1
118.4,0.773,0.841,0.347,1
83.4,0.539,0.905,0.073,1
124.5,0.711,0.53,0.409,1
73.8,0.712,0.555,0.242,0
170.0,0.648,0.364,0.377,0
98.5,0.359,0.693,0.164,0
142.9,0.843,0.324,0.406,0
104.3,0.509,0.617,0.193,1
127.2,0.421,0.669,0.035,0
130.1,0.327,0.495,0.41,0
90.3,0.684,0.702,0.068,1
176.7,0.74,0.321,0.164,1
155.3,0.311,0.325,0.429,0
173.3,0.633,0.859,0.429,1
168.4,0.447,0.545,0.271,1
135.8,0.719,0.386,0.295,0
171.4,0.413,0.655,0.218,1
79.7,0.749,0.824,0.153,1
91.6,0.551,0.447,0.168,0
75.0,0.909,0.724,0.312,1
105.8,0.389,0.358,0.346,0
112.8,0.522,0.335,0.362,0
99.8,0.374,0.661,0.362,0
161.2,0.901,0.668,0.068,1
109.2,0.87,0.733,0.238,1
100.9,0.468,0.794,0.054,1
129.7,0.729,0.964,0.261,1
85.5,0.831,0.651,0.215,0
158.2,0.661,0.52,0.403,0
78.2,0.644,0.841,0.177,1
178.6,0.457,0.484,0.079,0
154.9,0.361,0.599,0.09,0
91.9,0.883,0.353,0.35,0
70.6,0.885,0.317,0.29,0
159.7,0.712,0.955,0.072,1
147.8,0.52,0.868,0.065,1
150.2,0.527,0.773,0.324,0
154.8,0.772,0.578,0.061,1
78.1,0.883,0.418,0.375,0
109.4,0.877,0.406,0.327,1
82.7,0.807,0.47,0.064,1
164.9,0.717,0.673,0.066,1
138.6,0.355,0.786,0.444,0
106.4,0.405,0.749,0.187,0
77.0,0.884,0.49,0.186,1
104.2,0.694,0.949,0.371,1
105.8,0.306,0.802,0.428,0
150.3,0.366,0.677,0.444,0
140.1,0.731,0.716,0.346,1
167.6,0.303,0.585,0.188,1
121.9,0.405,0.468,0.065,0
83.2,0.657,0.542,0.356,0
148.5,0.75,0.815,0.265,1
153.7,0.724,0.31,0.208,0
131.7,0.446,0.379,0.411,0
154.8,0.763,0.331,0.077,1
124.3,0.454,0.328,0.237,0
127.5,0.512,0.882,0.035,1
117.0,0.785,0.778,0.227,1
72.8,0.722,0.622,0.054,1
81.9,0.852,0.367,0.08,0
73.5,0.727,0.634,0.079,0
140.0,0.669,0.622,0.303,1
104.6,0.361,0.418,0.343,0
125.9,0.539,0.595,0.275,0
169.8,0.472,0.571,0.434,0
97.4,0.459,0.719,0.187,0
115.1,0.932,0.732,0.15,1
153.1,0.556,0.331,0.395,0
95.2,0.88,0.555,0.124,1
78.5,0.71,0.726,0.435,0
101.9,0.817,0.642,0.035,1
87.7,0.627,0.882,0.437,1
172.3,0.675,0.748,0.048,1
158.9,0.62,0.411,0.404,0
139.7,0.427,0.348,0.252,0
165.9,0.77,0.737,0.447,1
158.4,0.483,0.318,0.061,1
90.5,0.316,0.698,0.263,0
168.2,0.72,0.939,0.437,1
129.3,0.415,0.691,0.25,1
