date,temperature_celsius
2024-01-01,19.18
2024-01-02,18.0
2024-01-03,19.38
2024-01-04,20.93
2024-01-05,17.73
2024-01-06,17.71
2024-01-07,20.95
2024-01-08,19.47
2024-01-09,17.22
2024-01-10,19.03
2024-01-11,17.21
2024-01-12,17.2
2024-01-13,18.47
2024-01-14,14.58
2024-01-15,14.92
2024-01-16,17.02
2024-01-17,16.21
2024-01-18,18.61
2024-01-19,16.43
2024-01-20,15.53
2024-01-21,20.73
2024-01-22,17.71
2024-01-23,18.26
2024-01-24,15.6
2024-01-25,17.22
2024-01-26,18.43
2024-01-27,16.19
2024-01-28,18.98
2024-01-29,17.26
2024-01-30,17.86
2024-01-31,17.35
2024-02-01,21.82
2024-02-02,18.52
2024-02-03,16.69
2024-02-04,20.13
2024-02-05,16.52
2024-02-06,19.16
2024-02-07,15.32
2024-02-08,16.53
2024-02-09,19.34
2024-02-10,20.39
2024-02-11,19.45
2024-02-12,19.01
2024-02-13,18.76
2024-02-14,16.73
2024-02-15,18.18
2024-02-16,18.74
2024-02-17,21.57
2024-02-18,20.38
2024-02-19,16.68
2024-02-20,20.54
2024-02-21,19.37
2024-02-22,18.95
2024-02-23,21.37
2024-02-24,22.24
2024-02-25,22.17
2024-02-26,19.1
2024-02-27,20.17
2024-02-28,21.44
2024-02-29,22.72
2024-03-01,20.23
2024-03-02,20.88
2024-03-03,19.35
2024-03-04,19.32
2024-03-05,23.07
2024-03-06,24.18
2024-03-07,21.74
2024-03-08,23.82
2024-03-09,22.8
2024-03-10,21.13
2024-03-11,23.08
2024-03-12,25.34
2024-03-13,22.66
2024-03-14,25.69
2024-03-15,18.3
2024-03-16,24.65
2024-03-17,23.48
2024-03-18,22.94
2024-03-19,23.79
2024-03-20,20.21
2024-03-21,23.55
2024-03-22,24.74
2024-03-23,26.92
2024-03-24,23.49
2024-03-25,23.13
2024-03-26,23.84
2024-03-27,26.56
2024-03-28,25.67
2024-03-29,24.29
2024-03-30,26.33
2024-03-31,25.75
2024-04-01,27.49
2024-04-02,24.65
2024-04-03,25.49
2024-04-04,25.55
2024-04-05,23.79
2024-04-06,27.13
2024-04-07,27.24
2024-04-08,26.95
2024-04-09,26.69
2024-04-10,24.74
2024-04-11,26.7
2024-04-12,27.02
2024-04-13,26.36
2024-04-14,27.69
2024-04-15,28.88
2024-04-16,31.73
2024-04-17,28.82
2024-04-18,29.14
2024-04-19,28.72
2024-04-20,25.57
2024-04-21,29.15
2024-04-22,29.48
2024-04-23,33.98
2024-04-24,29.37
2024-04-25,30.43
2024-04-26,30.0
2024-04-27,28.13
2024-04-28,32.46
2024-04-29,31.92
2024-04-30,32.16
2024-05-01,29.27
2024-05-02,33.6
2024-05-03,28.72
2024-05-04,32.46
2024-05-05,35.52
2024-05-06,29.95
2024-05-07,30.88
2024-05-08,32.24
2024-05-09,31.31
2024-05-10,29.59
2024-05-11,32.66
2024-05-12,30.78
2024-05-13,33.7
2024-05-14,31.35
2024-05-15,35.95
2024-05-16,31.9
2024-05-17,32.88
2024-05-18,35.07
2024-05-19,31.54
2024-05-20,34.31
2024-05-21,36.4
2024-05-22,31.29
2024-05-23,34.66
2024-05-24,34.93
2024-05-25,36.01
2024-05-26,32.51
2024-05-27,32.49
2024-05-28,35.94
2024-05-29,35.66
2024-05-30,35.7
2024-05-31,36.0
2024-06-01,34.28
2024-06-02,36.04
2024-06-03,36.27
2024-06-04,34.57
2024-06-05,39.33
2024-06-06,36.93
2024-06-07,34.04
2024-06-08,37.48
2024-06-09,34.65
2024-06-10,37.92
2024-06-11,38.69
2024-06-12,35.22
2024-06-13,38.53
2024-06-14,37.63
2024-06-15,38.46
2024-06-16,40.48
2024-06-17,36.71
2024-06-18,35.87
2024-06-19,35.71
2024-06-20,35.92
2024-06-21,37.32
2024-06-22,38.15
2024-06-23,38.1
2024-06-24,39.15
2024-06-25,37.75
2024-06-26,40.41
2024-06-27,37.37
2024-06-28,42.8
2024-06-29,39.08
2024-06-30,36.46
2024-07-01,36.12
2024-07-02,38.96
2024-07-03,37.73
2024-07-04,39.46
2024-07-05,39.06
2024-07-06,38.11
2024-07-07,36.74
2024-07-08,35.57
2024-07-09,37.51
2024-07-10,39.88
2024-07-11,38.74
2024-07-12,36.12
2024-07-13,38.69
2024-07-14,39.08
2024-07-15,36.8
2024-07-16,38.67
2024-07-17,38.5
2024-07-18,36.33
2024-07-19,39.03
2024-07-20,39.38
2024-07-21,40.31
2024-07-22,40.24
2024-07-23,35.85
2024-07-24,36.62
2024-07-25,39.21
2024-07-26,39.18
2024-07-27,39.15
2024-07-28,45.13
2024-07-29,39.18
2024-07-30,40.16
2024-07-31,39.79
2024-08-01,39.2
2024-08-02,37.42
2024-08-03,39.3
2024-08-04,36.49
2024-08-05,37.4
2024-08-06,36.89
2024-08-07,37.85
2024-08-08,41.81
2024-08-09,34.21
2024-08-10,38.74
2024-08-11,34.53
2024-08-12,36.51
2024-08-13,39.24
2024-08-14,37.32
2024-08-15,35.18
2024-08-16,35.75
2024-08-17,38.17
2024-08-18,35.54
2024-08-19,37.15
2024-08-20,36.75
2024-08-21,35.4
2024-08-22,40.33
2024-08-23,37.51
2024-08-24,32.62
2024-08-25,36.49
2024-08-26,34.86
2024-08-27,37.47
2024-08-28,34.4
2024-08-29,35.5
2024-08-30,36.5
2024-08-31,37.03
2024-09-01,33.19
2024-09-02,34.62
2024-09-03,34.24
2024-09-04,33.79
2024-09-05,38.02
2024-09-06,35.44
2024-09-07,32.3
2024-09-08,36.09
2024-09-09,38.12
2024-09-10,36.02
2024-09-11,31.29
2024-09-12,33.01
2024-09-13,36.01
2024-09-14,32.31
2024-09-15,34.24
2024-09-16,34.69
2024-09-17,31.47
2024-09-18,32.88
2024-09-19,27.01
2024-09-20,30.84
2024-09-21,32.08
2024-09-22,30.13
2024-09-23,35.16
2024-09-24,29.48
2024-09-25,31.11
2024-09-26,31.97
2024-09-27,34.17
2024-09-28,28.83
2024-09-29,33.35
2024-09-30,31.11
2024-10-01,29.16
2024-10-02,31.59
2024-10-03,30.95
2024-10-04,29.34
2024-10-05,30.38
2024-10-06,29.4
2024-10-07,30.13
2024-10-08,30.94
2024-10-09,32.44
2024-10-10,27.19
2024-10-11,33.08
2024-10-12,25.56
2024-10-13,28.63
2024-10-14,29.79
2024-10-15,29.07
2024-10-16,27.27
2024-10-17,27.85
2024-10-18,27.17
2024-10-19,26.82
2024-10-20,29.25
2024-10-21,28.19
2024-10-22,26.13
2024-10-23,28.83
2024-10-24,27.59
2024-10-25,28.34
2024-10-26,27.84
2024-10-27,25.05
2024-10-28,25.37
2024-10-29,27.55
2024-10-30,27.14
2024-10-31,25.84
2024-11-01,25.93
2024-11-02,27.85
2024-11-03,24.33
2024-11-04,26.22
2024-11-05,24.71
2024-11-06,24.52
2024-11-07,26.74
2024-11-08,26.09
2024-11-09,25.91
2024-11-10,26.64
2024-11-11,24.18
2024-11-12,25.22
2024-11-13,23.28
2024-11-14,24.28
2024-11-15,23.31
2024-11-16,23.57
2024-11-17,24.33
2024-11-18,21.64
2024-11-19,26.74
2024-11-20,21.02
2024-11-21,20.51
2024-11-22,24.65
2024-11-23,23.85
2024-11-24,23.42
2024-11-25,23.3
2024-11-26,22.02
2024-11-27,20.3
2024-11-28,21.93
2024-11-29,20.45
2024-11-30,23.3
2024-12-01,21.17
2024-12-02,19.83
2024-12-03,20.62
2024-12-04,21.83
2024-12-05,19.97
2024-12-06,19.39
2024-12-07,21.21
2024-12-08,21.11
2024-12-09,19.66
2024-12-10,19.62
2024-12-11,20.79
2024-12-12,17.68
2024-12-13,17.66
2024-12-14,18.81
2024-12-15,19.64
2024-12-16,20.5
2024-12-17,22.52
2024-12-18,21.33
2024-12-19,19.42
2024-12-20,19.6
2024-12-21,17.76
2024-12-22,19.47
2024-12-23,18.92
2024-12-24,19.96
2024-12-25,17.83
2024-12-26,20.2
2024-12-27,21.97
2024-12-28,18.97
2024-12-29,19.84
2024-12-30,20.31
2024-12-31,18.31
2025-01-01,19.42
2025-01-02,19.01
2025-01-03,19.12
2025-01-04,17.53
2025-01-05,18.93
2025-01-06,19.76
2025-01-07,21.45
2025-01-08,20.55
2025-01-09,22.68
2025-01-10,17.41
2025-01-11,20.35
2025-01-12,19.1
2025-01-13,22.7
2025-01-14,17.3
2025-01-15,17.25
2025-01-16,17.68
2025-01-17,14.95
2025-01-18,17.83
2025-01-19,17.43
2025-01-20,19.08
2025-01-21,19.44
2025-01-22,22.22
2025-01-23,20.58
2025-01-24,17.86
2025-01-25,17.31
2025-01-26,19.85
2025-01-27,16.62
2025-01-28,22.33
2025-01-29,21.2
2025-01-30,18.28
2025-01-31,16.08
2025-02-01,21.66
2025-02-02,19.07
2025-02-03,21.56
2025-02-04,16.52
2025-02-05,18.37
2025-02-06,19.52
2025-02-07,19.66
2025-02-08,18.84
2025-02-09,20.84
2025-02-10,17.87
2025-02-11,19.62
2025-02-12,20.17
2025-02-13,20.96
2025-02-14,21.4
2025-02-15,18.19
2025-02-16,17.54
2025-02-17,22.69
2025-02-18,21.09
2025-02-19,19.24
2025-02-20,23.48
2025-02-21,21.0
2025-02-22,23.02
2025-02-23,21.13
2025-02-24,24.82
2025-02-25,24.39
2025-02-26,20.89
2025-02-27,23.21
2025-02-28,22.74
2025-03-01,24.16
2025-03-02,20.09
2025-03-03,23.18
2025-03-04,23.98
2025-03-05,19.04
2025-03-06,20.21
2025-03-07,18.8
2025-03-08,22.12
2025-03-09,24.03
2025-03-10,25.59
2025-03-11,23.16
2025-03-12,26.1
2025-03-13,20.82
2025-03-14,20.39
2025-03-15,23.5
2025-03-16,24.44
2025-03-17,23.84
2025-03-18,20.33
2025-03-19,24.05
2025-03-20,22.01
2025-03-21,25.72
2025-03-22,25.33
2025-03-23,23.14
2025-03-24,24.07
2025-03-25,23.25
2025-03-26,25.2
2025-03-27,27.2
2025-03-28,23.87
2025-03-29,26.71
2025-03-30,25.02
2025-03-31,24.71
2025-04-01,26.12
2025-04-02,24.61
2025-04-03,25.65
2025-04-04,24.66
2025-04-05,30.52
2025-04-06,27.22
2025-04-07,26.07
2025-04-08,27.89
2025-04-09,27.47
2025-04-10,27.45
2025-04-11,29.12
2025-04-12,29.56
2025-04-13,27.41
2025-04-14,27.5
2025-04-15,28.22
2025-04-16,24.74
2025-04-17,26.33
2025-04-18,31.7
2025-04-19,32.37
2025-04-20,29.14
2025-04-21,30.8
2025-04-22,30.49
2025-04-23,35.65
2025-04-24,32.29
2025-04-25,30.22
2025-04-26,28.9
2025-04-27,27.9
2025-04-28,31.33
2025-04-29,29.77
2025-04-30,28.74
2025-05-01,30.31
2025-05-02,29.69
2025-05-03,34.84
2025-05-04,33.56
2025-05-05,32.13
2025-05-06,34.97
2025-05-07,32.61
2025-05-08,31.08
2025-05-09,35.53
2025-05-10,33.92
2025-05-11,31.25
2025-05-12,32.93
2025-05-13,31.85
2025-05-14,31.09
2025-05-15,35.4
2025-05-16,37.33
2025-05-17,31.52
2025-05-18,35.2
2025-05-19,33.17
2025-05-20,33.61
2025-05-21,33.56
2025-05-22,33.22
2025-05-23,35.0
2025-05-24,33.56
2025-05-25,35.68
2025-05-26,35.24
2025-05-27,35.04
2025-05-28,33.96
2025-05-29,34.69
2025-05-30,37.22
2025-05-31,36.89
2025-06-01,34.35
2025-06-02,36.41
2025-06-03,37.7
2025-06-04,33.47
2025-06-05,37.56
2025-06-06,35.51
2025-06-07,37.84
2025-06-08,35.55
2025-06-09,33.78
2025-06-10,34.2
2025-06-11,37.32
2025-06-12,37.8
2025-06-13,35.8
2025-06-14,38.68
2025-06-15,34.63
2025-06-16,37.59
2025-06-17,35.62
2025-06-18,36.71
2025-06-19,38.05
2025-06-20,36.49
2025-06-21,37.43
2025-06-22,40.0
2025-06-23,37.23
2025-06-24,39.84
2025-06-25,36.36
2025-06-26,39.41
2025-06-27,41.12
2025-06-28,34.13
2025-06-29,37.2
2025-06-30,39.72
2025-07-01,38.37
2025-07-02,39.45
2025-07-03,37.74
2025-07-04,39.02
2025-07-05,38.62
2025-07-06,41.04
2025-07-07,39.43
2025-07-08,39.61
2025-07-09,38.28
2025-07-10,38.17
2025-07-11,38.29
2025-07-12,39.79
2025-07-13,38.34
2025-07-14,39.63
2025-07-15,42.85
2025-07-16,40.69
2025-07-17,38.54
2025-07-18,41.29
2025-07-19,38.39
2025-07-20,35.45
2025-07-21,37.29
2025-07-22,35.73
2025-07-23,38.45
2025-07-24,39.09
2025-07-25,42.06
2025-07-26,39.6
2025-07-27,38.59
2025-07-28,40.45
2025-07-29,34.94
2025-07-30,39.31
2025-07-31,40.24
2025-08-01,36.15
2025-08-02,40.82
2025-08-03,39.33
2025-08-04,37.92
2025-08-05,39.75
2025-08-06,42.65
2025-08-07,38.83
2025-08-08,38.89
2025-08-09,37.55
2025-08-10,36.78
2025-08-11,39.73
2025-08-12,36.63
2025-08-13,38.22
2025-08-14,37.15
2025-08-15,38.8
2025-08-16,38.45
2025-08-17,39.63
2025-08-18,36.76
2025-08-19,37.1
2025-08-20,35.73
2025-08-21,36.6
2025-08-22,37.98
2025-08-23,38.57
2025-08-24,35.44
2025-08-25,38.56
2025-08-26,39.33
2025-08-27,37.52
2025-08-28,40.05
2025-08-29,35.16
2025-08-30,34.2
2025-08-31,33.12
2025-09-01,38.89
2025-09-02,37.26
2025-09-03,35.85
2025-09-04,36.33
2025-09-05,33.67
2025-09-06,39.97
2025-09-07,35.67
2025-09-08,35.5
2025-09-09,36.48
2025-09-10,35.9
2025-09-11,35.3
2025-09-12,33.33
2025-09-13,35.46
2025-09-14,37.85
2025-09-15,36.74
2025-09-16,37.04
2025-09-17,33.1
2025-09-18,32.09
2025-09-19,33.5
2025-09-20,33.67
2025-09-21,35.39
2025-09-22,30.22
2025-09-23,35.86
2025-09-24,32.66
2025-09-25,32.02
2025-09-26,30.81
2025-09-27,29.49
2025-09-28,33.79
2025-09-29,32.28
2025-09-30,29.66
2025-10-01,29.49
2025-10-02,31.05
2025-10-03,34.49
2025-10-04,30.86
2025-10-05,28.45
2025-10-06,30.55
2025-10-07,30.33
2025-10-08,25.8
2025-10-09,30.39
2025-10-10,29.9
2025-10-11,31.4
2025-10-12,33.3
2025-10-13,31.83
2025-10-14,29.15
2025-10-15,27.48
2025-10-16,33.93
2025-10-17,29.23
2025-10-18,28.98
2025-10-19,28.74
2025-10-20,28.97
2025-10-21,28.19
2025-10-22,27.25
2025-10-23,27.13
2025-10-24,27.88
2025-10-25,26.8
2025-10-26,26.32
2025-10-27,27.63
2025-10-28,26.81
2025-10-29,29.81
2025-10-30,22.17
2025-10-31,28.74
2025-11-01,28.85
2025-11-02,22.72
2025-11-03,25.67
2025-11-04,25.46
2025-11-05,23.43
2025-11-06,24.41
2025-11-07,23.65
2025-11-08,28.64
2025-11-09,27.02
2025-11-10,27.47
2025-11-11,26.32
2025-11-12,22.84
2025-11-13,23.78
2025-11-14,25.45
2025-11-15,22.22
2025-11-16,25.56
2025-11-17,23.7
2025-11-18,23.31
2025-11-19,25.13
2025-11-20,24.51
2025-11-21,22.92
2025-11-22,25.52
2025-11-23,21.35
2025-11-24,24.27
2025-11-25,24.1
2025-11-26,22.34
2025-11-27,23.36
2025-11-28,20.39
2025-11-29,24.18
2025-11-30,22.07
2025-12-01,21.34
2025-12-02,24.05
2025-12-03,20.78
2025-12-04,19.4
2025-12-05,19.02
2025-12-06,22.8
2025-12-07,19.3
2025-12-08,24.66
2025-12-09,17.65
2025-12-10,24.35
2025-12-11,21.58
2025-12-12,20.93
2025-12-13,20.03
2025-12-14,21.64
2025-12-15,20.77
2025-12-16,22.74
2025-12-17,20.88
2025-12-18,20.86
2025-12-19,19.86
2025-12-20,20.34
2025-12-21,20.92
2025-12-22,17.22
2025-12-23,17.81
2025-12-24,21.51
2025-12-25,20.42
2025-12-26,19.72
2025-12-27,20.03
2025-12-28,20.57
2025-12-29,18.92
2025-12-30,18.45
