movie_id,movie_name,user_ratings
MOV_100,Movie 1,-2.5
MOV_101,Movie 2,7.4
MOV_102,Movie 3,7.9
MOV_103,Movie 4,6.1
MOV_104,Movie 5,7.3
MOV_105,Movie 6,9.0
MOV_106,Movie 7,6.1
MOV_107,Movie 8,18.0
MOV_108,Movie 9,7.8
MOV_109,Movie 10,6.7
MOV_110,Movie 11,6.7
MOV_111,Movie 12,7.3
MOV_112,Movie 13,7.7
MOV_113,Movie 14,6.8
MOV_114,Movie 15,7.2
MOV_115,Movie 16,7.5
MOV_116,Movie 17,7.7
MOV_117,Movie 18,7.0
MOV_118,Movie 19,7.0
MOV_119,Movie 20,7.8
MOV_120,Movie 21,6.5
MOV_121,Movie 22,0.1
MOV_122,Movie 23,7.5
MOV_123,Movie 24,8.2
MOV_124,Movie 25,8.4
MOV_125,Movie 26,9.0
MOV_126,Movie 27,14.5
MOV_127,Movie 28,16.0
MOV_128,Movie 29,8.0
MOV_129,Movie 30,7.7
