product_id,price,rating,number_of_reviews,discount
FK_100,12484,4.3,6948,19
FK_101,64003,3.8,4498,47
FK_102,87078,4.7,216,33
FK_103,39398,3.9,5144,40
FK_104,8870,4.7,5987,17
FK_105,38343,4.5,7731,36
FK_106,51513,3.4,7045,63
FK_107,61527,2.4,1494,32
FK_108,49283,3.1,7868,70
FK_109,41073,4.0,873,46
FK_110,2867,4.0,2800,49
FK_111,62891,3.8,7418,66
FK_112,67862,2.9,8765,61
FK_113,2994,3.7,5126,10
FK_114,48489,3.2,12393,32
FK_115,5557,4.8,6029,32
FK_116,87837,4.5,1767,48
FK_117,39803,4.1,14830,34
FK_118,33458,2.8,7584,66
FK_119,14285,2.8,6384,66
