player,runs,wickets,matches,strike_rate
Player_1,1060,157,87,158.65
Player_2,5590,37,181,113.11
Player_3,5426,129,32,141.38
Player_4,5391,20,146,116.82
Player_5,3972,160,103,131.4
Player_6,3292,57,74,133.27
Player_7,5934,21,28,107.94
Player_8,6465,88,23,162.87
Player_9,666,48,104,149.26
Player_10,5534,58,67,160.76
Player_11,4626,169,144,157.64
Player_12,5778,14,98,136.85
Player_13,6431,50,106,159.53
Player_14,3644,107,125,101.19
Player_15,3371,54,202,108.72
Player_16,3119,63,213,98.17
Player_17,330,130,186,117.77
Player_18,1885,50,22,122.21
Player_19,969,134,189,113.99
Player_20,2591,20,49,153.01
