song_id,danceability,energy,tempo,popularity
S_1,0.37,0.67,167.7,51
S_2,0.44,0.94,105.8,49
S_3,0.56,0.53,146.0,48
S_4,0.79,0.77,161.7,64
S_5,0.82,0.82,135.5,69
S_6,0.3,0.53,133.0,42
S_7,0.61,0.8,104.2,56
S_8,0.55,0.6,89.3,49
S_9,0.43,0.75,169.7,50
S_10,0.37,0.75,170.0,51
S_11,0.5,0.69,143.3,47
S_12,0.87,0.45,113.9,55
S_13,0.49,0.86,114.9,55
S_14,0.61,0.58,152.6,53
S_15,0.72,0.5,169.7,62
S_16,0.52,0.42,168.7,50
S_17,0.88,0.72,158.0,77
S_18,0.88,0.77,144.2,69
S_19,0.45,0.41,88.4,33
S_20,0.6,0.68,96.2,51
S_21,0.48,0.52,169.9,46
S_22,0.47,0.75,140.6,55
S_23,0.32,0.5,80.9,34
S_24,0.67,0.78,90.1,55
S_25,0.6,0.61,146.4,54
S_26,0.33,0.92,80.5,46
S_27,0.47,0.48,96.1,39
S_28,0.84,0.59,134.9,64
S_29,0.44,0.46,149.2,47
S_30,0.39,0.91,145.2,52
