rating,votes,table_booking,online_order,cuisine_variety,location_score,average_cost_for_two
3.3,4979,0,1,5,9.7,2426
2.9,2824,0,0,7,9.1,2249
3.8,2032,1,0,4,2.8,2486
4.7,903,1,1,1,1.6,2286
4.2,4196,0,0,5,1.9,2655
3.9,3786,1,0,7,1.2,3039
2.7,3819,0,1,6,1.8,2217
4.0,624,1,0,5,7.1,2378
4.9,3311,0,0,4,1.6,2583
2.8,1198,1,0,2,3.9,1813
3.7,1765,0,1,4,8.6,1980
4.6,4827,0,1,3,1.2,2634
4.3,4983,0,1,1,8.3,2297
4.2,3904,1,0,8,3.5,3350
4.2,2541,0,0,5,2.1,2291
3.4,2710,0,1,4,7.3,1966
3.2,3174,1,0,8,6.7,2894
4.4,3101,1,0,7,8.9,3125
4.4,54,0,1,2,7.6,1759
4.6,4919,0,1,1,8.2,2449
4.7,926,1,0,4,3.5,2548
3.7,1041,1,0,8,2.6,2621
3.7,4192,1,0,2,7.8,2543
4.4,4414,1,1,3,8.3,2848
4.1,4515,1,1,1,9.9,2656
4.2,685,0,1,1,4.7,1655
4.4,1743,1,1,3,4.3,2440
4.6,1732,0,0,5,8.0,2324
3.3,4802,0,1,3,4.1,2231
3.4,169,0,1,1,9.4,1317
