ram_gb,storage_gb,battery_mah,camera_mp,screen_size_inch,price_inr
6,192.0,4500,108,6.41,109100.0
16,511.0,4000,64,6.31,166900.0
8,256.0,4500,108,6.42,119900.0
8,252.0,4000,50,6.31,105500.0
4,128.0,6000,50,6.68,86300.0
4,129.0,5000,64,6.51,83400.0
4,131.0,6000,48,6.68,88200.0
12,383.0,4000,50,6.29,134100.0
8,254.0,4000,200,6.29,130800.0
8,255.0,6000,50,6.7,115000.0
4,130.0,4000,50,6.27,76300.0
16,513.0,6000,48,6.72,171700.0
12,383.0,5000,108,6.48,150800.0
6,193.0,6000,50,6.73,97800.0
4,128.0,5000,64,6.48,89400.0
4,130.0,6000,108,6.73,94100.0
6,191.0,4000,200,6.3,118100.0
8,255.0,6000,48,6.67,114900.0
6,191.0,4000,200,6.28,123800.0
6,189.0,6000,108,6.73,107600.0
8,257.0,6000,108,6.71,127400.0
4,129.0,4500,108,6.4,93500.0
6,192.0,4000,200,6.26,118900.0
6,192.0,4500,108,6.43,102600.0
6,189.0,4000,200,6.34,119300.0
8,255.0,4500,108,6.43,123900.0
4,127.0,5000,64,6.49,83400.0
8,254.0,6000,108,6.71,130300.0
8,256.0,4000,200,6.31,135100.0
4,129.0,4000,50,6.27,81200.0
8,260.0,6000,108,6.7,127900.0
4,128.0,4000,50,6.32,76900.0
4,129.0,4000,64,6.32,84900.0
12,384.0,4500,48,6.38,139200.0
16,508.0,4000,64,6.28,168600.0
12,384.0,5000,108,6.52,153800.0
6,192.0,5000,50,6.51,99600.0
4,133.0,6000,50,6.65,89600.0
8,256.0,4000,200,6.25,131000.0
6,193.0,6000,50,6.7,100300.0
4,128.0,5000,200,6.49,107900.0
6,190.0,4000,48,6.29,90200.0
4,130.0,4000,108,6.29,86600.0
12,386.0,6000,200,6.72,171400.0
6,194.0,5000,48,6.5,98000.0
8,254.0,4000,50,6.31,108500.0
6,195.0,6000,50,6.67,102100.0
8,253.0,5000,48,6.43,110000.0
8,257.0,6000,50,6.72,119800.0
4,132.0,4500,48,6.44,80400.0
16,510.0,4000,200,6.29,195300.0
8,255.0,4500,200,6.4,135200.0
12,384.0,5000,48,6.51,142000.0
12,383.0,4500,200,6.43,169400.0
8,253.0,4500,200,6.42,129900.0
12,384.0,5000,200,6.51,166700.0
4,126.0,6000,64,6.7,90900.0
4,129.0,4500,108,6.4,94000.0
4,126.0,6000,50,6.67,87300.0
6,195.0,4500,64,6.39,98000.0
6,190.0,6000,200,6.72,132600.0
6,191.0,5000,48,6.5,100000.0
12,386.0,4500,200,6.4,164100.0
6,190.0,5000,108,6.48,107700.0
6,192.0,4500,200,6.41,123000.0
8,259.0,5000,48,6.47,116200.0
4,125.0,5000,108,6.51,94900.0
12,384.0,4500,200,6.4,165800.0
4,129.0,4500,108,6.37,91400.0
16,514.0,4500,50,6.42,164000.0
8,254.0,4000,50,6.3,109700.0
4,125.0,6000,200,6.74,115500.0
4,129.0,4000,108,6.33,91800.0
12,385.0,4000,48,6.28,136200.0
8,257.0,5000,200,6.48,139400.0
8,257.0,4500,50,6.38,108600.0
8,255.0,6000,50,6.67,113400.0
4,128.0,5000,200,6.49,108100.0
6,193.0,4000,108,6.33,98900.0
4,127.0,4500,50,6.36,82400.0
12,388.0,5000,108,6.52,146900.0
8,257.0,4500,50,6.42,115000.0
6,190.0,5000,50,6.51,92700.0
4,129.0,4500,64,6.41,86800.0
6,190.0,4000,50,6.28,90200.0
6,194.0,6000,48,6.72,103100.0
8,258.0,4000,200,6.29,132800.0
8,254.0,6000,200,6.65,147300.0
12,386.0,4500,108,6.4,149900.0
6,193.0,5000,50,6.48,100000.0
4,130.0,4000,48,6.33,78300.0
8,260.0,6000,108,6.69,128200.0
8,256.0,4000,64,6.3,111500.0
8,254.0,6000,108,6.71,125400.0
8,254.0,4000,108,6.29,114400.0
6,190.0,6000,50,6.7,98300.0
8,256.0,6000,64,6.72,119200.0
6,193.0,4500,108,6.38,104300.0
4,129.0,6000,48,6.69,81500.0
4,130.0,4500,48,6.38,81500.0
