track_id,track_name,artist_name,danceability,energy,key,loudness,mode,speechiness,acousticness,instrumentalness,liveness,valence,tempo,duration_ms,popularity
spot_1000,Hit Song 1,Artist 7,0.426,0.423,7,-4.72,1,0.092,0.496,0.0138,0.307,0.263,137.6,173524,54
spot_1001,Hit Song 2,Artist 4,0.734,0.894,10,-8.32,1,0.261,0.04,0.0122,0.331,0.726,166.1,219172,82
spot_1002,Hit Song 3,Artist 13,0.494,0.743,8,-5.68,1,0.12,0.401,0.2566,0.149,0.255,89.1,160916,72
spot_1003,Hit Song 4,Artist 11,0.436,0.558,4,-5.66,1,0.038,0.466,0.2111,0.112,0.816,110.3,154809,63
spot_1004,Hit Song 5,Artist 8,0.922,0.39,0,-6.64,1,0.237,0.251,0.1423,0.313,0.73,170.5,182201,72
spot_1005,Hit Song 6,Artist 13,0.931,0.546,2,-11.1,0,0.087,0.506,0.0294,0.332,0.261,165.1,203330,76
spot_1006,Hit Song 7,Artist 5,0.845,0.555,9,-3.65,1,0.331,0.036,0.1475,0.397,0.264,126.0,163456,81
spot_1007,Hit Song 8,Artist 7,0.568,0.81,11,-8.79,0,0.335,0.041,0.142,0.194,0.94,140.8,263748,82
spot_1008,Hit Song 9,Artist 10,0.454,0.752,7,-10.13,0,0.323,0.701,0.052,0.18,0.481,110.0,206397,62
spot_1009,Hit Song 10,Artist 3,0.776,0.909,10,-11.59,1,0.148,0.313,0.1302,0.322,0.478,101.9,188765,79
spot_1010,Hit Song 11,Artist 7,0.642,0.647,5,-6.09,0,0.035,0.117,0.1196,0.169,0.81,126.7,184816,73
spot_1011,Hit Song 12,Artist 11,0.467,0.425,7,-5.22,1,0.327,0.449,0.1848,0.376,0.91,116.8,195106,46
spot_1012,Hit Song 13,Artist 11,0.672,0.799,8,-11.83,0,0.167,0.657,0.1905,0.35,0.94,137.5,203932,73
spot_1013,Hit Song 14,Artist 8,0.419,0.829,3,-6.88,1,0.339,0.191,0.0136,0.2,0.765,92.0,167100,69
spot_1014,Hit Song 15,Artist 5,0.9,0.704,0,-9.74,0,0.338,0.533,0.1124,0.313,0.482,172.7,207091,83
spot_1015,Hit Song 16,Artist 4,0.542,0.836,0,-5.55,1,0.303,0.082,0.1878,0.314,0.263,173.8,171949,71
spot_1016,Hit Song 17,Artist 8,0.764,0.661,9,-10.26,1,0.124,0.053,0.1509,0.086,0.783,147.8,220080,79
spot_1017,Hit Song 18,Artist 8,0.571,0.679,3,-5.09,1,0.153,0.456,0.2569,0.366,0.619,133.2,187744,62
spot_1018,Hit Song 19,Artist 3,0.686,0.619,11,-8.13,1,0.302,0.464,0.1976,0.227,0.518,112.9,195543,62
spot_1019,Hit Song 20,Artist 6,0.701,0.366,6,-2.63,1,0.131,0.545,0.0489,0.339,0.88,158.2,258319,59
spot_1020,Hit Song 21,Artist 5,0.502,0.418,1,-10.62,0,0.084,0.62,0.0212,0.162,0.283,146.6,242193,45
spot_1021,Hit Song 22,Artist 2,0.933,0.37,2,-8.59,0,0.208,0.83,0.1927,0.363,0.569,99.6,186187,72
spot_1022,Hit Song 23,Artist 8,0.826,0.751,0,-10.87,0,0.33,0.444,0.008,0.186,0.209,167.0,262734,66
spot_1023,Hit Song 24,Artist 12,0.917,0.548,4,-2.75,1,0.253,0.281,0.1757,0.054,0.551,159.0,157239,89
spot_1024,Hit Song 25,Artist 14,0.892,0.67,0,-3.23,0,0.212,0.678,0.2821,0.367,0.242,170.5,164489,65
spot_1025,Hit Song 26,Artist 6,0.729,0.922,7,-9.42,1,0.061,0.237,0.1726,0.082,0.289,150.3,264937,87
spot_1026,Hit Song 27,Artist 2,0.907,0.507,0,-5.4,1,0.227,0.379,0.1165,0.162,0.288,140.2,208017,71
spot_1027,Hit Song 28,Artist 12,0.449,0.609,10,-3.83,0,0.347,0.076,0.193,0.383,0.687,122.6,211877,67
spot_1028,Hit Song 29,Artist 5,0.508,0.826,0,-6.45,0,0.075,0.031,0.1375,0.383,0.76,168.9,193125,68
spot_1029,Hit Song 30,Artist 1,0.425,0.494,1,-6.7,1,0.196,0.819,0.1637,0.251,0.638,162.9,199922,58
spot_1030,Hit Song 31,Artist 12,0.579,0.398,1,-9.58,0,0.311,0.712,0.2824,0.271,0.922,89.1,244074,56
spot_1031,Hit Song 32,Artist 10,0.614,0.533,11,-11.07,1,0.267,0.595,0.1158,0.207,0.481,87.4,182049,67
spot_1032,Hit Song 33,Artist 6,0.549,0.452,5,-3.03,1,0.253,0.354,0.2884,0.153,0.414,118.9,187131,61
spot_1033,Hit Song 34,Artist 13,0.856,0.936,6,-3.0,1,0.255,0.156,0.2716,0.165,0.851,157.9,192944,87
spot_1034,Hit Song 35,Artist 12,0.596,0.859,4,-5.67,1,0.145,0.141,0.0587,0.285,0.368,173.9,265765,77
spot_1035,Hit Song 36,Artist 9,0.555,0.749,0,-8.61,1,0.124,0.22,0.0208,0.313,0.922,98.5,223963,66
spot_1036,Hit Song 37,Artist 1,0.698,0.899,0,-8.51,0,0.289,0.471,0.0302,0.327,0.209,138.5,256884,67
spot_1037,Hit Song 38,Artist 11,0.478,0.856,2,-4.74,0,0.289,0.61,0.0055,0.326,0.927,119.3,174285,56
spot_1038,Hit Song 39,Artist 11,0.841,0.468,1,-3.03,1,0.307,0.565,0.0283,0.082,0.232,172.3,187626,70
spot_1039,Hit Song 40,Artist 10,0.441,0.912,4,-3.13,1,0.322,0.245,0.2049,0.223,0.868,160.8,192808,65
spot_1040,Hit Song 41,Artist 12,0.943,0.69,11,-4.2,0,0.194,0.812,0.0214,0.07,0.596,160.4,238464,64
spot_1041,Hit Song 42,Artist 12,0.825,0.859,9,-5.58,0,0.19,0.63,0.0957,0.242,0.945,127.2,203871,78
spot_1042,Hit Song 43,Artist 14,0.509,0.915,5,-11.16,1,0.285,0.476,0.2535,0.205,0.255,122.3,169198,60
spot_1043,Hit Song 44,Artist 14,0.403,0.55,6,-10.38,0,0.238,0.524,0.007,0.361,0.615,109.6,169758,48
spot_1044,Hit Song 45,Artist 14,0.849,0.419,3,-3.01,1,0.255,0.362,0.2443,0.173,0.927,90.1,165254,72
spot_1045,Hit Song 46,Artist 3,0.789,0.494,6,-5.94,0,0.285,0.218,0.0846,0.091,0.592,162.8,194238,69
spot_1046,Hit Song 47,Artist 12,0.801,0.619,10,-11.91,1,0.315,0.309,0.0354,0.1,0.672,158.2,151252,75
spot_1047,Hit Song 48,Artist 7,0.824,0.865,7,-10.99,0,0.138,0.647,0.209,0.317,0.722,175.0,189764,85
spot_1048,Hit Song 49,Artist 4,0.441,0.892,10,-5.36,1,0.15,0.022,0.1887,0.266,0.541,174.7,227709,68
spot_1049,Hit Song 50,Artist 9,0.597,0.354,0,-11.95,0,0.06,0.108,0.2632,0.085,0.671,135.0,187441,59
