online_order,book_table,votes,approx_cost_for_two,location_score,cuisine_count,avg_dish_price,delivery_time_min,restaurant_age_yrs,parking_available,noise_feature_1,noise_feature_2,noise_feature_3,rating
1,0,1048,2465,5.21,6,1179.72,51,1.4,1,-1.525,62.88,0,3.94
1,0,1509,2388,3.67,7,1266.63,51,7.2,1,-1.134,73.1,1,4.1
1,0,623,1184,8.68,2,614.49,53,13.7,0,-0.218,71.21,1,4.65
1,1,701,1839,7.44,4,807.72,30,8.3,0,-2.639,46.73,0,4.84
0,1,2601,1027,6.3,6,532.95,29,7.7,1,0.779,11.39,0,5.0
0,1,1448,555,3.5,6,256.04,34,2.0,0,-2.41,62.46,1,3.66
0,0,2905,1547,9.19,2,673.68,36,10.0,1,-0.077,32.78,0,5.0
1,0,2712,2063,1.41,7,1100.38,59,12.4,1,0.015,50.52,0,4.39
1,1,2300,326,1.99,5,148.38,37,6.0,1,0.538,96.18,0,4.29
1,0,543,803,4.52,5,405.64,28,11.7,0,-0.042,45.91,1,3.98
0,0,2413,2128,2.12,6,860.13,44,14.5,0,2.018,85.58,1,4.04
1,0,2613,1213,9.61,5,567.22,59,3.5,0,0.216,26.97,1,4.99
1,0,1988,250,8.18,1,105.74,33,8.1,0,1.054,70.52,1,4.94
0,1,1121,1630,3.33,6,745.94,44,4.7,1,-0.723,97.93,1,4.02
0,1,1773,1992,6.3,6,1088.29,41,12.0,0,0.121,19.17,1,5.0
0,1,1856,1836,9.84,4,818.47,49,8.9,0,1.548,10.75,0,5.0
1,0,2861,1845,8.96,5,748.18,39,9.7,0,-0.238,49.02,1,5.0
1,0,2316,1405,6.41,7,632.56,40,12.1,1,0.192,18.34,1,4.92
1,0,2114,2054,9.13,6,865.41,51,6.2,1,0.981,77.35,0,4.9
0,0,1164,766,9.9,7,316.67,40,13.8,0,-0.742,92.31,1,4.96
1,0,2281,1135,7.69,1,579.18,54,8.2,0,-2.162,49.06,1,4.7
0,1,2306,2134,1.58,4,1095.24,51,2.8,0,0.256,33.28,0,4.06
0,1,1099,1532,4.61,2,687.71,49,10.6,0,0.989,49.1,0,4.07
1,0,2417,401,8.54,7,192.08,58,12.0,1,-1.351,75.11,0,4.92
1,1,126,316,3.08,6,132.33,31,5.1,1,0.67,10.81,1,3.48
1,1,2898,1136,8.48,1,467.49,37,12.9,0,0.677,63.05,0,5.0
0,0,67,774,2.08,3,378.04,40,13.6,0,-2.273,65.2,1,3.41
1,1,356,2491,1.42,1,1267.16,32,4.5,1,-0.936,67.39,1,4.14
1,0,1069,736,4.46,1,313.68,40,14.8,0,-0.396,31.78,1,4.4
0,0,2871,1825,1.33,4,916.0,27,2.5,1,-0.18,74.26,1,3.99
1,0,1300,2322,9.62,2,977.34,59,3.4,0,-0.743,18.23,0,4.78
0,1,2075,585,8.44,3,279.02,26,3.2,0,-0.797,27.93,0,4.97
0,0,644,674,8.21,5,297.27,42,13.5,0,1.671,88.97,1,4.57
1,0,1910,617,6.67,5,330.5,51,10.0,1,-0.108,76.49,0,4.56
1,0,1296,1138,2.95,7,508.78,30,2.7,1,-0.695,11.24,1,3.54
1,0,1735,1154,5.66,1,545.31,41,6.9,0,-0.041,32.35,1,4.3
1,1,2786,1075,6.38,4,486.29,41,9.4,0,0.537,29.3,1,5.0
0,1,322,962,5.73,4,501.67,44,1.7,0,0.052,34.37,0,3.83
1,0,658,1402,3.34,5,605.4,41,13.3,0,-0.206,32.28,1,3.51
1,0,75,1405,5.64,7,584.45,47,12.2,0,-0.65,15.63,1,3.88
0,0,745,863,5.42,7,442.17,48,7.8,0,-0.662,51.3,0,3.72
1,0,545,224,9.97,7,119.98,32,14.5,1,-0.598,75.95,0,4.98
0,0,493,2190,9.08,3,1205.58,37,6.6,0,0.339,64.61,0,4.48
1,0,47,1403,5.17,2,623.73,21,14.8,0,-0.994,70.56,0,4.41
0,0,2145,909,6.61,3,408.55,48,10.2,1,0.393,17.3,1,4.4
1,1,384,2079,7.73,6,952.5,40,9.7,0,1.413,95.63,0,4.63
1,1,2733,1384,1.31,6,705.27,34,2.9,1,0.326,85.46,1,4.22
1,0,545,2424,9.05,2,1168.96,46,13.3,0,-0.37,82.46,0,5.0
1,0,2766,484,8.74,5,218.4,50,6.7,1,-1.298,84.07,0,5.0
0,1,1355,262,5.12,2,121.99,34,2.9,1,1.578,93.94,0,3.83
1,0,902,1202,4.52,4,482.45,42,0.7,1,-1.17,58.98,0,3.65
1,1,1050,861,3.46,6,454.23,43,8.6,1,0.849,28.03,0,4.59
1,1,1046,2403,5.29,1,1050.9,32,8.1,0,0.639,65.51,0,4.62
1,0,1666,1692,1.4,1,812.28,41,10.9,1,-0.237,76.86,1,4.08
1,0,938,1166,8.67,5,555.31,56,13.4,0,-0.263,76.41,0,4.46
1,1,2817,1048,1.32,4,455.19,52,1.7,0,-1.836,56.93,0,4.24
0,0,2430,1307,3.96,3,572.07,22,11.1,0,0.33,16.16,0,4.29
0,0,1794,888,9.38,4,356.07,38,3.2,1,0.62,43.4,0,4.62
0,1,1551,347,7.62,1,183.61,42,12.9,0,-1.089,92.87,1,4.64
1,0,2873,541,3.53,1,288.86,48,12.4,1,-0.156,62.6,0,4.5
1,0,2806,1286,3.27,6,557.42,49,8.3,1,0.038,58.45,0,4.24
0,1,1926,1924,1.05,4,872.61,58,10.8,1,0.585,34.2,0,4.0
1,0,1235,1583,7.26,4,794.71,44,5.1,1,0.004,43.16,0,4.52
1,0,1674,526,1.44,1,283.47,56,7.3,0,-1.626,90.58,1,3.47
0,1,504,1992,5.79,3,1070.99,27,12.4,0,-0.53,69.98,0,4.69
1,0,2095,1959,9.66,5,807.52,35,7.2,0,0.225,80.86,1,5.0
0,1,733,1189,1.99,7,614.69,27,5.7,0,0.842,50.89,0,3.71
1,1,1082,2462,9.05,5,1214.99,20,7.7,0,-0.618,66.72,1,5.0
0,0,1996,1151,9.92,4,587.65,24,12.5,0,2.188,32.35,1,5.0
1,0,1316,922,1.55,5,450.09,22,5.4,0,-1.894,73.49,0,3.47
1,0,1274,2279,8.95,1,1232.83,20,3.0,1,-0.564,48.48,0,4.82
0,0,2153,628,5.64,1,290.29,23,10.8,1,-0.083,49.83,1,4.62
0,0,145,1700,9.16,4,920.25,59,12.5,0,-0.201,68.44,1,4.48
1,1,2879,485,6.14,4,205.49,54,2.0,1,-1.232,94.27,0,4.61
1,0,556,2265,6.96,7,1153.49,51,4.0,0,0.448,15.76,1,4.33
1,0,2212,968,5.89,7,444.44,53,2.6,0,0.371,84.23,1,4.35
1,1,2092,1594,8.78,6,659.75,44,5.5,1,0.048,36.31,1,5.0
0,0,1623,393,7.61,4,174.23,29,7.0,0,0.332,49.95,0,4.2
1,1,86,1187,5.69,3,546.23,40,11.4,0,-0.424,11.97,1,4.32
0,0,252,1336,8.81,5,659.09,58,9.9,1,-1.617,37.09,1,4.17
1,0,2176,2361,3.21,4,1161.28,46,9.5,1,-0.717,55.24,1,4.4
1,1,1189,1901,2.42,2,837.95,46,5.6,1,0.157,15.06,0,4.22
1,1,2178,1146,2.44,6,459.15,21,12.7,1,0.163,54.2,0,4.75
0,1,2295,1030,4.01,2,455.09,32,7.3,1,0.041,93.44,1,4.54
1,1,130,2120,3.15,1,967.84,28,14.7,0,0.549,19.49,0,4.64
1,1,1513,254,9.37,7,109.89,55,9.7,0,-0.581,78.8,1,5.0
1,0,2101,999,1.95,5,469.98,41,2.3,0,0.027,46.87,0,3.69
1,0,642,977,7.29,4,530.37,45,10.3,0,0.572,68.97,0,4.19
1,1,2815,1681,2.7,2,766.32,31,5.2,1,-0.085,33.42,1,4.58
1,1,2662,2101,8.93,5,850.49,36,10.5,0,-1.243,24.35,0,5.0
0,1,2492,2409,9.65,1,1252.92,33,1.5,1,-0.961,24.44,0,5.0
1,0,2680,2334,5.19,7,1022.34,33,3.0,1,0.831,16.34,0,4.7
1,0,1561,254,8.91,3,130.88,53,12.9,1,1.392,26.71,1,4.71
1,1,2759,2023,1.05,6,930.08,39,3.8,1,1.175,69.78,0,4.29
1,0,1325,1401,8.38,5,750.13,30,12.6,1,0.232,89.35,0,4.98
1,1,1781,1032,3.06,5,487.88,35,4.5,0,-1.203,83.27,1,4.39
1,1,1995,512,9.18,3,219.81,50,9.8,1,-0.006,71.66,0,5.0
1,0,2382,2058,1.01,5,1007.19,25,10.6,0,1.562,19.94,0,4.24
0,1,896,2207,6.01,1,974.2,38,7.9,1,0.618,36.03,0,4.58
0,1,2009,2206,7.81,1,936.01,56,4.9,0,-0.207,37.88,0,4.8
0,0,1332,1990,3.33,3,812.57,23,3.6,1,0.629,32.5,0,4.12
1,1,1480,527,2.74,6,268.3,23,1.0,1,-1.269,56.35,1,3.72
1,0,2729,1487,1.76,4,715.07,39,4.9,0,-0.696,58.2,1,4.26
1,1,2344,2343,3.94,2,1228.83,29,10.0,0,-1.084,42.12,0,5.0
1,0,1753,1311,6.04,4,525.51,43,14.1,1,0.47,41.84,0,4.65
0,1,1625,1511,2.04,5,617.01,54,13.1,0,0.714,84.57,0,4.03
1,0,1546,651,4.39,2,298.9,45,11.6,1,-0.154,81.04,1,4.55
1,0,2691,1723,1.08,3,721.09,56,11.9,1,-0.873,37.7,1,4.24
0,1,2583,364,8.37,3,168.15,57,10.1,0,-0.02,92.24,0,5.0
0,0,2910,381,2.16,6,170.35,40,4.3,0,-0.487,95.75,0,3.88
0,0,2417,1109,3.55,2,595.47,59,13.7,0,-0.796,39.41,1,4.13
0,1,1650,1022,1.17,1,438.87,58,10.2,1,0.339,41.9,0,3.84
1,1,2890,1143,4.89,2,604.95,40,8.6,0,-0.758,55.51,1,5.0
1,0,1180,2201,8.56,5,925.47,29,2.1,1,-1.566,94.7,1,4.64
1,1,778,2254,4.53,1,960.2,57,7.0,0,-1.344,88.87,0,4.59
1,0,2966,529,2.62,7,230.39,23,7.2,1,-1.603,19.23,1,4.23
1,0,262,974,7.78,7,533.61,39,13.0,1,0.248,45.35,0,4.23
0,0,2610,2398,8.1,7,1191.74,36,8.4,1,0.15,59.8,0,5.0
1,1,1083,346,2.56,3,174.38,26,6.0,0,0.101,55.28,0,3.98
1,1,248,1114,7.94,2,542.86,23,14.7,1,0.588,27.45,0,4.88
1,1,2615,1771,9.53,7,951.46,48,2.1,1,1.192,87.29,0,5.0
1,1,939,1508,2.5,4,614.04,33,6.6,1,-0.592,70.92,0,4.03
1,0,1266,281,7.94,6,128.45,22,1.1,1,0.406,85.41,1,4.44
0,0,25,713,7.38,4,354.05,43,11.2,0,-1.58,87.29,1,3.92
0,0,487,2120,5.26,7,1020.27,56,13.8,0,1.379,77.35,1,4.35
1,0,1775,2139,1.52,6,1012.28,35,4.6,1,-1.245,49.53,1,3.8
1,0,94,945,1.67,5,425.6,23,12.9,0,-0.71,64.95,0,3.62
1,1,23,1609,8.67,4,744.57,43,4.7,1,-0.598,24.43,1,4.59
0,0,1890,906,9.91,2,370.77,53,13.7,1,-1.526,70.63,1,5.0
1,0,665,670,7.08,2,311.94,49,11.4,0,0.033,26.13,1,4.14
1,0,137,595,5.01,4,238.52,37,12.2,1,0.214,72.46,0,4.03
0,1,2948,1755,6.83,7,732.47,38,0.8,0,-0.189,30.66,1,4.97
0,1,1649,1004,6.35,2,515.94,50,14.5,1,-1.54,20.58,0,4.73
1,0,2571,1133,4.45,5,462.18,38,11.0,1,1.983,24.88,1,4.59
1,0,2041,1479,1.59,1,786.09,38,4.9,1,0.549,10.18,0,4.08
1,1,966,1957,8.39,7,824.97,41,12.5,0,2.634,74.69,0,5.0
1,0,2641,1104,4.35,5,534.25,43,4.6,0,-0.805,75.92,1,4.23
1,1,1484,1276,8.37,6,528.46,31,13.2,1,0.958,56.34,0,5.0
1,1,213,2090,3.27,5,868.07,49,2.1,1,0.779,24.52,0,3.94
1,0,866,1723,1.01,7,728.8,57,10.7,1,-0.291,17.52,1,3.63
1,0,2782,1587,2.43,6,674.45,50,8.3,0,1.411,11.72,1,4.4
0,1,1435,1503,5.22,7,746.54,55,1.9,0,-0.405,24.92,1,3.95
1,0,1478,792,9.5,2,426.58,38,4.0,0,-0.361,90.18,0,4.52
1,0,2240,2306,1.92,1,1107.54,55,0.7,1,-3.471,31.74,0,4.05
0,1,1688,327,8.69,7,170.18,49,7.3,0,0.409,41.88,0,4.82
0,1,2393,935,5.74,7,408.93,52,4.9,0,-1.326,19.48,1,4.63
1,1,1453,720,8.43,2,352.55,37,9.2,1,-0.551,30.01,0,4.93
1,1,1161,436,3.69,3,175.6,47,4.8,0,-1.026,56.73,0,3.85
0,0,2903,1504,8.56,2,668.84,30,4.8,1,-0.366,64.7,0,5.0
0,0,1830,1981,7.96,6,833.85,52,11.3,1,0.444,32.08,0,4.99
1,1,743,1501,3.07,2,793.02,36,1.2,1,0.011,15.2,0,3.74
0,0,244,2251,2.18,2,936.59,25,13.6,0,0.71,45.19,0,3.58
0,0,551,641,8.81,1,262.07,23,12.9,0,1.266,31.08,0,4.5
1,1,132,2276,9.67,2,1063.08,39,10.2,1,-0.369,29.76,1,5.0
1,0,2207,1004,1.28,7,451.36,46,9.1,1,-0.479,96.39,1,3.77
0,0,578,274,7.58,1,117.33,34,13.4,1,0.958,65.47,1,4.05
1,0,2068,2375,9.19,4,1235.44,25,3.2,0,1.037,60.12,0,5.0
1,0,2157,2289,8.72,3,1063.76,33,1.6,1,0.741,47.42,0,4.84
0,0,673,1579,9.68,1,759.48,30,4.0,1,-0.952,48.6,1,4.31
1,0,339,240,7.84,6,126.15,58,12.0,1,0.423,58.68,0,4.26
1,0,1593,2281,4.98,4,1108.75,28,1.0,1,0.109,72.68,1,4.27
1,1,1848,1900,3.81,1,1028.29,45,9.0,1,1.053,73.19,0,4.76
1,1,1937,1601,3.89,1,880.6,35,14.9,1,-0.573,25.45,0,4.71
1,0,158,787,7.52,3,415.39,24,12.9,0,-1.667,55.01,1,4.43
0,1,2912,1822,7.71,7,736.41,29,8.1,0,0.69,47.08,1,5.0
1,0,2046,541,2.8,6,247.63,22,1.4,0,-2.558,88.35,1,3.73
1,0,2326,2274,8.81,5,918.39,32,12.6,0,-0.732,66.83,1,5.0
0,1,921,845,7.43,5,401.85,49,9.2,0,-1.023,57.93,1,4.66
0,0,709,930,6.06,1,460.79,25,2.2,0,-1.03,20.39,0,3.9
1,1,2059,367,5.24,2,170.36,36,1.9,0,-0.749,64.51,0,4.45
1,0,29,809,5.89,6,383.84,38,13.7,0,1.217,20.55,0,4.2
0,1,280,1972,2.43,4,1052.31,54,10.2,1,0.821,40.35,1,3.94
1,0,1962,2240,2.83,2,996.18,45,12.5,1,-0.252,22.86,1,4.53
0,1,1693,654,1.82,2,335.17,24,13.2,0,1.134,72.29,1,4.0
1,0,2239,1908,2.38,6,854.18,48,8.8,1,-1.062,28.56,1,3.97
0,1,2965,901,5.08,7,399.53,56,8.0,1,-1.198,45.27,1,4.49
1,0,2080,1799,5.77,1,943.65,39,6.7,0,0.864,90.61,1,4.58
1,0,1211,329,1.16,1,178.52,40,5.1,0,0.58,28.39,0,3.4
1,1,1639,2045,8.17,1,871.5,29,6.8,1,-0.46,55.7,0,5.0
0,0,340,1586,3.65,1,747.46,24,11.7,1,-1.135,47.73,0,3.95
1,1,1362,892,9.21,5,484.59,55,9.2,1,1.46,11.63,0,5.0
0,1,1656,1594,9.71,1,638.52,25,13.4,0,-1.72,81.35,0,5.0
1,0,2396,993,2.67,5,539.54,45,6.9,0,-0.598,16.21,1,3.94
1,1,2852,228,5.16,5,99.71,23,9.3,0,0.229,52.68,1,4.7
0,0,2844,348,1.01,7,139.84,58,9.7,0,1.802,60.46,1,3.71
1,1,2014,1519,6.38,1,772.07,58,9.1,0,0.383,66.56,1,5.0
1,0,2978,2258,6.47,3,1188.69,54,10.7,0,0.48,71.98,1,5.0
1,0,1963,1336,3.23,4,708.76,20,3.9,1,-0.569,32.79,1,3.82
1,1,2058,386,6.03,2,191.82,43,7.9,1,0.568,10.9,0,4.87
0,1,1138,1450,3.03,5,775.1,55,2.0,0,0.105,75.11,1,3.5
0,0,1624,1533,2.45,6,671.04,25,6.1,1,-1.588,58.21,1,3.6
1,1,2385,297,6.86,6,161.1,50,7.6,0,0.793,85.25,1,4.87
1,0,255,254,3.93,4,117.78,39,10.0,0,0.97,83.92,1,3.64
1,0,1989,957,6.31,6,383.15,43,14.3,0,0.803,85.9,0,4.64
1,0,353,605,4.9,3,255.3,44,9.2,1,0.033,53.66,0,3.77
1,0,1928,2316,9.86,6,1038.26,55,11.3,1,-0.956,40.03,1,5.0
1,0,395,1512,2.35,2,750.6,40,7.8,1,-2.309,81.24,0,3.71
1,0,1180,1985,5.18,2,887.46,49,9.7,0,0.157,50.62,0,4.56
1,1,2655,950,7.12,5,438.0,43,1.5,1,1.082,26.51,1,5.0
1,1,1590,1962,4.56,1,935.06,49,4.2,0,0.996,86.95,1,4.65
1,1,2580,564,9.77,7,298.18,41,5.7,1,0.816,89.43,1,5.0
0,0,1339,2226,7.5,3,919.6,47,7.4,1,-0.074,51.97,1,4.66
0,0,2985,681,6.91,5,322.01,26,1.2,0,1.087,16.81,1,4.56
1,1,1875,2448,7.81,3,1264.31,54,2.5,1,0.924,44.9,0,5.0
1,1,1392,353,9.57,1,171.57,47,4.5,1,-0.423,82.32,1,4.95
0,0,892,1724,9.17,6,824.92,33,14.6,0,0.677,91.16,1,4.77
0,1,1272,2320,7.52,6,975.09,29,5.3,1,-0.536,28.31,1,4.74
1,1,2337,1240,7.74,7,535.98,35,7.5,0,0.54,16.03,0,5.0
0,1,1871,1864,2.31,1,797.09,35,3.3,1,-1.299,88.96,1,4.11
0,1,2865,1440,1.93,5,796.58,50,9.4,1,-1.222,45.05,1,4.31
1,1,1334,260,6.14,7,124.32,44,4.6,1,1.058,58.76,1,4.45
1,0,744,1138,1.17,1,532.54,32,3.5,1,0.938,97.13,0,3.62
1,1,2072,1839,5.34,4,1014.1,25,8.0,1,0.634,15.99,1,4.77
0,1,2918,2289,2.89,2,1154.97,28,0.6,0,0.088,68.35,1,4.59
1,0,97,224,4.11,7,96.05,55,0.6,1,-2.391,16.67,1,3.13
0,0,2641,1262,7.98,7,665.62,39,3.7,0,-0.075,43.79,0,4.76
1,0,151,330,9.47,5,151.74,37,1.0,0,0.454,82.34,1,4.02
1,1,620,1452,1.65,3,744.37,40,2.1,0,-0.535,49.01,1,3.63
1,1,1792,307,5.81,4,169.76,23,5.4,0,-0.712,99.75,1,4.64
1,0,1085,371,8.94,5,188.44,52,12.1,1,1.444,60.32,0,4.62
1,0,2156,1658,1.74,1,667.71,46,8.8,0,-0.06,38.9,1,3.83
1,0,2469,301,8.42,1,127.48,26,7.9,1,0.455,29.81,1,4.92
0,1,2363,1836,4.22,1,742.81,25,4.8,0,0.774,41.55,1,4.41
1,1,1883,1240,3.9,1,579.03,34,14.0,0,-1.001,43.53,0,4.94
0,1,1338,529,9.8,3,281.86,37,6.3,1,0.193,16.18,0,4.61
0,0,635,1720,2.81,4,787.7,51,1.8,0,1.32,43.26,1,3.43
1,0,2867,211,7.24,6,99.62,30,9.4,0,1.819,51.78,0,4.98
1,0,2489,1541,8.39,2,644.49,39,2.2,1,0.04,75.05,0,4.97
1,0,1908,415,1.37,3,222.08,43,5.5,0,-0.238,69.11,0,3.24
1,1,1066,538,7.03,3,251.19,34,7.9,1,0.269,73.79,1,4.63
1,1,594,1999,9.56,6,1049.33,26,13.2,0,0.244,10.75,1,5.0
1,1,2210,1950,2.12,6,961.88,40,7.7,0,1.387,29.59,0,4.45
1,1,1012,1708,9.07,2,737.43,45,10.7,1,-0.996,69.55,0,5.0
1,0,2732,909,6.35,2,426.12,33,14.9,0,-0.28,53.56,0,4.99
0,1,2212,1423,6.55,6,689.73,56,2.4,0,-1.117,10.48,1,4.59
1,1,1268,1312,6.52,1,631.94,40,4.5,0,-1.012,82.4,1,4.52
0,1,522,1491,3.69,3,702.77,37,6.2,0,0.377,79.55,0,4.11
0,0,2017,688,9.42,5,292.83,24,6.6,1,0.81,59.36,0,4.79
1,0,840,1761,9.53,2,726.35,22,6.5,0,-0.649,15.98,0,4.8
0,0,2171,246,6.63,2,99.65,42,13.7,1,0.772,78.99,0,4.34
1,1,1990,977,8.05,6,415.6,45,10.9,1,1.112,62.53,1,5.0
1,1,217,1239,6.51,4,613.13,56,9.3,0,1.935,80.38,0,4.5
1,0,1689,910,5.36,5,398.83,43,5.0,1,0.07,77.66,1,4.06
1,1,2646,600,6.95,5,284.86,38,12.4,0,-0.64,82.27,0,4.98
0,1,2458,2017,5.98,2,1019.58,44,14.3,1,-1.002,56.62,0,5.0
1,0,1222,449,6.38,1,187.98,40,12.4,0,-1.102,22.63,0,4.38
1,0,2621,590,8.05,4,322.95,31,0.5,1,1.25,70.4,0,4.73
1,1,1491,534,5.33,5,219.64,52,9.7,0,-1.515,65.84,0,4.83
1,0,1666,828,1.37,2,390.01,23,1.2,0,1.218,76.8,1,3.5
1,1,1712,336,2.48,5,149.6,26,4.2,1,-0.868,25.29,0,3.96
0,0,1332,1721,4.95,7,760.98,41,1.4,1,-0.685,27.55,0,3.66
1,1,2055,1026,7.52,4,422.82,52,9.3,0,-0.152,90.14,0,5.0
1,0,497,926,6.34,4,412.35,36,10.5,0,-0.704,77.5,1,4.25
1,0,1274,1700,6.85,7,762.42,43,2.2,1,0.932,91.74,1,4.33
0,1,942,1189,5.31,3,643.87,53,6.1,1,1.813,78.28,1,4.4
1,0,439,1134,6.54,7,524.3,47,7.1,1,-0.657,63.74,1,4.16
1,0,2224,601,3.96,6,315.47,58,5.9,1,-0.432,68.87,0,4.01
1,0,2617,1666,5.23,6,719.28,41,2.3,1,-0.163,90.02,0,4.38
1,1,1140,814,7.7,2,377.1,36,6.6,1,0.541,62.09,0,4.83
0,1,970,1496,8.85,4,657.25,53,11.4,0,-0.153,66.92,1,4.82
1,1,2356,1382,4.9,3,755.53,25,1.5,0,1.387,24.08,0,4.73
1,0,1297,2435,1.39,3,1309.59,25,1.7,1,1.147,52.65,0,3.8
0,0,2263,1321,2.46,5,573.99,53,5.6,1,-1.185,74.48,1,3.74
1,0,2665,330,1.19,5,178.33,20,14.2,0,0.521,34.38,1,4.12
1,0,1877,1394,6.88,7,753.56,29,10.2,0,1.52,28.2,1,4.51
1,0,536,382,3.99,3,211.23,40,10.3,1,-0.495,38.24,0,3.92
1,0,1678,563,5.88,7,227.98,24,5.7,1,-0.294,31.74,0,4.37
1,0,1885,238,5.44,7,102.75,21,9.1,0,-0.528,29.34,1,4.45
1,1,2932,1572,1.73,5,767.85,41,0.6,0,-0.507,48.24,0,4.09
0,0,1161,1120,4.63,4,557.89,21,9.7,0,-1.668,91.71,1,4.26
1,0,2873,215,2.99,7,105.15,29,13.7,0,-1.328,55.64,1,4.39
1,1,1952,692,4.77,1,295.44,53,9.4,0,0.077,26.91,0,4.56
1,0,834,1649,2.83,4,728.69,35,13.2,0,1.514,16.93,1,3.9
1,1,2295,1331,8.56,3,689.77,58,11.0,1,-0.613,72.65,1,5.0
1,1,1920,510,2.57,3,265.37,41,2.2,0,-0.643,44.45,1,4.17
1,1,2283,938,9.65,7,501.91,31,13.6,1,1.702,83.96,0,5.0
1,0,2082,745,4.74,4,329.32,43,1.5,1,-1.108,69.36,1,4.0
1,1,2114,450,8.62,5,192.71,59,8.2,0,-1.661,81.66,1,5.0
1,0,2391,958,6.66,5,482.49,57,2.6,1,-0.829,34.48,1,4.37
1,0,2911,2004,7.62,6,1104.34,29,0.7,0,-0.663,72.31,1,4.95
1,0,149,1497,7.91,3,805.91,54,6.6,1,-1.747,33.77,1,4.05
1,1,114,1831,5.54,2,739.05,51,4.8,0,-0.128,94.52,1,4.17
1,0,2694,2114,5.89,6,1053.41,26,7.5,1,0.948,67.27,1,5.0
0,0,2822,1013,5.63,5,433.19,40,8.9,1,-1.286,39.21,0,4.7
1,1,1975,228,6.29,4,101.91,39,1.1,0,0.088,34.26,0,4.48
0,0,813,1157,1.26,5,559.65,45,2.3,0,0.396,27.18,1,2.79
1,0,1854,2232,4.56,4,1148.16,23,8.6,1,-0.083,72.52,0,4.67
1,0,2136,676,6.46,6,358.63,41,5.5,1,0.186,29.68,0,4.42
0,0,1703,517,6.38,3,231.79,34,11.1,0,0.197,63.58,1,4.55
1,0,30,444,8.14,5,189.56,59,10.0,1,-0.813,33.82,0,4.34
0,0,1885,947,6.9,7,420.75,40,12.8,0,1.499,69.58,1,4.82
0,1,2939,896,9.93,4,412.67,34,10.5,1,1.248,83.34,1,5.0
1,0,2617,471,3.55,3,257.47,41,6.7,0,1.19,80.02,1,4.48
1,0,731,1971,4.23,2,795.42,47,10.3,1,1.014,78.48,1,4.18
0,1,2090,1462,4.45,4,619.73,33,4.5,0,-1.575,26.9,1,4.7
1,0,834,465,5.19,6,231.92,46,4.9,0,0.926,17.95,0,3.71
1,1,365,1120,8.52,2,450.53,59,11.9,0,0.656,72.91,1,4.8
0,0,2369,539,3.12,2,242.65,47,7.0,0,-1.537,43.15,0,3.87
1,0,382,588,7.98,1,266.34,45,12.1,1,-0.215,48.91,1,4.41
0,0,2463,2250,4.65,5,968.3,21,12.4,0,0.277,12.8,1,4.97
